0,Adrain30,dHgsuDsrqf43BfZ
1,Marley_Pouros12,2F2T20_nCC306Yo
2,Susan.Boyle,Z1wkmdXVw1RYn1U
3,Jaime.Schultz,n8gv1J4NKckv1ll
4,Vicky_Boyer,Wtxnp8gSjZer5U1
5,Alek32,J3jtl6mWolYAhCU
6,Missouri_Carter,oBScGoS1eOEwXXe
7,Carlo_Medhurst18,DvjcOAZgvfGHFio
8,Amelie48,Y71kiU76uyuZBV3
9,Jerod.Baumbach79,36EpxehT2Z_Fm1i
10,Myron2,b3obohXI13nkf4E
11,Hettie4,pVv3n_sYb2CPKnG
12,Sarah22,6QCIilF0L5WHM3a
13,Pedro.Zemlak77,74zZHTMy6Y6qRwt
14,Maegan_Braun,jiMR9mH90xbOPpZ
15,Kaycee_Keeling20,cVFfyhkPEVLCfAE
16,Russell_Mertz,pZzSqFWGEUYR_S9
17,Chloe_Reichert,5haWz4G6MIxOJDF
18,Davonte_Rempel23,S3_WPzNoWtA2YzX
19,Madilyn_Dooley76,mFGt8qi5w8zZVSB
20,Renee3,PPvdmqEyvU6Blyu
21,Katherine_Spinka,yCzQtrcxwede9LO
22,Billie49,uLUYRTx5eNEb3HG
23,Hellen39,tNmVRXxqEJcs3jv
24,Ceasar57,tPl5DC0Ie3YsFPJ
25,Victor.Kub73,OyqEGcyT5DGRDGW
26,Erin.Kautzer9,zRFQKdYTqT9xBZ4
27,Rogelio_Bednar,xKPYk81_inhLKQK
28,Osbaldo_Moore,EQBgvxX1cqD4SJK
29,Caroline_Botsford11,jejJrh76BuSHkQ7
30,Agustin37,jOe4oDsCTJeKGmo
31,Mozelle67,WfRDAZlGfTLs9Wx
32,Chaya18,QUlQcK2dXULEUFB
33,Jessie_Bosco31,My9F4OThoTHmHc6
34,Marc_Shields,XgGDQMCJbpHhpYR
35,Ella95,vV6SEWLLz0uPxOg
36,Eloy_Gutmann-Willms97,OCpwSfAa5xP1pQ5
37,Isabella.Okuneva25,HA6yEyZg34MQjTE
38,Oleta67,NoewBJ94l6RMuiU
39,Janice45,7areuTGbGT3mT0q
40,Herminia58,Zm_g_yZvtRRlDC4
41,Monroe97,RdVobFQBvmt_lO5
42,Dolores.Schaden19,TlH5MeT2drLuotX
43,Bethany_Harvey,_GOfPEVdoXx9M1e
44,Gianni_Koss34,FK1Q8qkpjOT4giI
45,Mitchell.Batz,MUAuvoJaBYD9jYL
46,Elisabeth82,IPjai3AAmFr66ST
47,Dixie61,YAiVA_qEaEDubDS
48,Larissa74,CPdeiimtBMqBlXh
49,Porter_Beier15,u2yNSOA31sJI1T2
50,Kolby_Cummerata78,QyTyw2d82_ksXvg
51,Germaine_Beer67,uzJISkV8_GrwjNT
52,Vida_Mitchell65,He5bxfNQNPH4uac
53,Shanie.Lubowitz,nFLpCM9qDeQ5nZK
54,Garnett_Schmeler-Trantow,RzQt6yR_KMuYICm
55,Declan_Auer,aKacs0abSe5LjWs
56,Jewel17,jC4n66KJgzmobGY
57,Bria.Greenfelder35,AS4HikANYCzo6ea
58,Torey_Lubowitz75,46xOsTo3CSTs57q
59,Michaela68,qd8vf4aU2MykhM4
60,Blake.Treutel-Cronin,r5PgDsYTmdBfIeN
61,Freida71,hGOxET0NocGBUVz
62,Gage83,rY7FH1E0Bje_rAW
63,Minerva.Franey,tuBnpaLrMte0YZP
64,Lonzo2,EClsK41XyoC0INB
65,Millie_Rolfson62,O5aeDMUNdJBv1Wg
66,Reta53,kcT_2NYs5TdD31W
67,Cassidy43,7okzQ_MDGahQnnJ
68,Emely20,W9Xvx86NY6tmiob
69,Emilie_Runolfsson,AE0Kc5KabyowMvD
70,Gabrielle75,NPgGtLWf1q6cw4X
71,Orland76,kMBknzwfhH2pVvV
72,Wayne17,h0D9Kj30Zbe8gNJ
73,Hershel24,yzOvgfUzFXQcC4h
74,Jackie_Lakin,duzjY0AAdzYEMhJ
75,Evelyn51,sXOXWaF8MQUFfXL
76,Guido.VonRueden,tM1zicTZbUNpJIP
77,Hershel.Kerluke,Ul5_U8GMfu6GxOS
78,Darlene_Langosh,DUXuy1JOPLVaZ1v
79,Alejandrin_Mayer63,7TfrD8_q4soHluO
80,Roy_Powlowski,igtryBpPoaXIPkk
81,Oceane22,n3SsYxAsVcIHLHi
82,Israel_Kreiger,0b5xWDbwxSLugK4
83,Kaden_Marvin,WMlu3R8er0mefth
84,Benton.McGlynn56,RKdF2q3d75_0uu1
85,Rhiannon.Dare,kvBP4Fsyvpk2MEp
86,Vivian0,elPHLKxyyk2Tvlz
87,Benedict.Schmeler,0UbfD9JquoDJV3G
88,Lela64,g83BUcy1j7pYFdl
89,Henderson.Streich,_buIuHSJuK_LkI_
90,Jessy24,KZdi0x6XzQ02pnL
91,Jake_Krajcik,LukEFcdQjmQbsl7
92,Marian.Osinski,OXDWZREnrjQcRzh
93,Clinton_Hand,BvNEkUdUuEibWBH
94,Jaylen_Howell,IIdbnunZZEzNPuf
95,Kariane_Will,o60WyVDGZWcUln4
96,Alexandre77,GWlkKBB7jZ3JVZp
97,Johann.Hackett,K26nrj__iOpxTmE
98,Cecelia_Roob10,efHiGKURN_mtFXN
99,Carroll.Vandervort,wYAK_iaiL1UE7Sq
100,Gene.Bednar,pAV686cZHIesRVi
101,Reanna.Mante,GkrPcTdoIMVdiJq
102,Shania82,FgSkWWPQti0JvE1
103,Brisa76,p7r0RmP64BAKNzp
104,Jalon42,E53a1ejRWFfh_O4
105,Issac_Hickle24,xtRGpkhDXOR1ooD
106,Estell_Tillman,f3g6J4yGdSRobts
107,Elroy93,XgUqhU0Z_alKRKf
108,Vince91,ZYvgW2iDXnA19or
109,Eulah96,_BLGSzHwzdTtZp6
110,Name_Quitzon32,4nDq7di7QrbBugg
111,Miguel_Lakin68,dmMR2tNFS3pLNwp
112,Marjorie52,F1S2mDBHXUfEnno
113,Lamar_Hyatt65,KEVBgizPrWkKSNx
114,Asa32,iCxM_yde7U_8XVf
115,Efren.Ortiz,k1J3id7ykTjpK1A
116,Nils.Macejkovic69,xvPZphoFITnqQs1
117,Weldon_Towne,TzBYLB4_kVhKofw
118,Amina.Reilly,fK2hkuiePUlcEY8
119,Ward_Purdy56,C2HaUy5bDilyEh8
120,Kari.Walker94,8dZ9NnYOHb_mk4r
121,Clyde_Kirlin53,CAzojadiuSGChwg
122,Gloria45,RV25rYlYS7sWg11
123,Birdie.Kassulke,1Zs6A_wCdPPudn8
124,Brandt_Gulgowski18,KdLVawewqRar3Oa
125,Laurie.Pfeffer50,Dk4RzcQjpL03ux6
126,Alessandro87,OZPsnx8_tYluv86
127,Gene.Schiller86,fZTyHFIZ1MoIaQe
128,Rahsaan87,Bq1PBnHPC0WZsNO
129,Golden_Collier25,FgDy4mj669SmUp4
130,Kenneth.Mante58,_j5zaPtVDH2Do7o
131,Spencer46,zuDMlevkg1zjUEn
132,Gavin43,wYDxXShM7Kkyhin
133,Dawson_Jaskolski,xsDgC_w5EaPr5R9
134,Nova_Pouros11,LDdyVrFui434qXO
135,Aniya.Will,UbHaSTO6PLNDROK
136,Jaylin.Sporer,FH9HtyMj2R8ezxf
137,Elsie9,za4vzlyPVPyiks1
138,Jarvis58,rn5Aj6zvqh9jajf
139,Sim_Schuster28,D71HwhpnxRC7igL
140,Marian_Bartell49,qZS2xAUHNCEEq1h
141,Eliane_Hilll86,HhwJbGJJm5QXZ7z
142,Roslyn.Hermiston87,ll5nxMPYRyBmVtu
143,Princess_Ondricka,abToGsBeUwqMX59
144,Mariela_Stiedemann,dq6uU1k5FhW_Gse
145,Citlalli.Haag51,Yxx7FCX6XlG8b8G
146,Carson_Windler-Ortiz43,4CXSu3MmPajCymx
147,Cleora_Hane15,4B2SCQlITp98ixY
148,Reginald_Fritsch,oxPEw_MUb3DRbhS
149,Brody.Sanford,Xt7iB56Ngnqcwly
150,Ignacio90,I1syJHeju4uMtMg
151,Kaleb_Schmidt99,JcZhQ9_hVTxeGl0
152,Chelsea14,bmKXB9jiKLgCa1s
153,Jasper61,uaqB4hMBrB50KNY
154,Joyce87,CYInq45tuawE9Ew
155,Ted_Howell37,3WHXyC16JkzU5BC
156,Henri.Robel36,EZq6t7tUAdn_uwl
157,Zora.Homenick96,AX0VyTPjZGP7M3E
158,Rhiannon87,lA2PJNJFOZtE8Gk
159,Jarod_Bode,WCwE9V1c8fXoArN
160,Celine_Turner21,YJyc4UX8oNAT1me
161,Emerald.Stokes,fsBH3KrQhfYGS6I
162,Florencio_Abbott84,WwSwCaI_oafCgzy
163,Maxime68,b_ZJLYTeO5DxQpB
164,Antoinette_Effertz,xPiTUsNglSfaaNr
165,Kara.Ebert-Senger,1KIZuMdT5vTACGm
166,Viva69,bXEWAvbGMU9_jAw
167,Casandra_OConnell,VVye8MfqZLzGNYL
168,Carlo_Murray60,p7GQXRkkX8miM9q
169,Aletha.Barton0,DP577gTcBgqTINd
170,Eloisa.Auer69,ktgExade6IiB4zv
171,Tate46,FUnsX6uyhzCIz4n
172,Avis_Kessler,pNGh1gbEAL72Kom
173,Marie.Marvin0,1UApqp2HgrYzNLG
174,Camryn.Gleichner24,HwYcgR2ZV3r3fTN
175,Bradley17,kemALjSzJfWNjRy
176,Marcos.Beier2,EUNXyamcEqlXYrN
177,America27,5nE3SoJD7yJ425A
178,Dolly5,OjwRQ5NkoR0i5Gm
179,Jayda_Spinka-Mante73,NyAfsYF1LySNY9F
180,Kenyatta.OHara,RJPLtDUfzB3emvx
181,Maxie_Kemmer,vuOwP25nASZ5mHb
182,Antoinette85,8tA3mWHFLUxEuXK
183,Timothy.Gulgowski-Pacocha28,_5n13BgmNDV8Nws
184,Nigel2,rptd6ahBjqCM8Bl
185,Kamille_Upton,lMZCz3xA8QRAtlR
186,Carol.Hoppe,XXnrYcMLUqyGfAz
187,Dale_Wunsch81,FuJqBnu5mIEJjPZ
188,Humberto0,QOw4sIwupCm2_7n
189,Rosemarie44,0hBcRMYedo9jdrB
190,Susana_Rau,qTXsEXtj_keXQmq
191,Logan_Hoppe5,6WQCRTdICEByuJe
192,Antonette_Kub,iqMzxRi2GW0PddJ
193,Jaida77,dSsod3pWhtP9jwI
194,Amely.Jacobson70,ut5iaAw74I46YGU
195,Cecile61,fChqKgVg908_QxK
196,Mireya_Koss84,mfnxfhu4gRJd9JW
197,Eileen_Swaniawski,ZOrkRPMvczz9iCr
198,Jillian.Shanahan,njjf7GMAiz0Hg2V
199,Christelle.Blanda1,LeEfjNfpu1MAL7w
200,Alyce84,dqZx9KehudKZA6g
201,Cecelia_Carroll,vn0X6q8e6ccrYMx
202,Toney.McCullough,aJjwFJ7MtSCAswU
203,Delaney.Moen32,QJCg3LpCZgqqjXI
204,Paige31,xiIR8PGm3VT2EM2
205,Abner.Heidenreich96,7Zg7lNCfYt4rAH4
206,Pearl43,7FT1jXDwAisuJXM
207,Elissa64,KJX9m3Zvp4v5xiS
208,Francisca_Senger70,GusXzJLQrZsCzYP
209,Jaclyn64,wy4GqIKjh0YmtaR
210,Elfrieda.Lueilwitz,9vJc3SKpf8cVK1l
211,Bruce_Powlowski,Ce7NhjOgw5ApRpv
212,Houston33,h7Q1bpRU_M2Ao8k
213,Aniyah13,riiJoxUAgz_PJVt
214,Bernice.Corwin,_4gPBnnwg3bzQ3B
215,Rossie_Little-Medhurst44,NxaUem1u1_RtQ7d
216,Amy4,hKt8dtGiTCm75Zu
217,Adella.Gusikowski,nZ273dA16htn9ws
218,Osvaldo.Hintz,Nhd6UbppUHAnkLl
219,Adolf.Rowe,sZvhGX61eO_iTVg
220,Wayne_Homenick9,WzZlfmX837DFa8D
221,Estrella_Daugherty,tF0W91MtZUfF30u
222,Mayra.Gottlieb,e2t4ie1rJWrwoTx
223,Ike83,y7VwWqy21UrgObJ
224,Susana.Braun-Braun,l9SM74n80g6AWlI
225,Darrin76,Bxxyyz_7z54WcDD
226,Morton_Okuneva,kz4PlShuynTFU5L
227,Darrell.Swaniawski,fY0c67j6lQmqESU
228,Russ.McCullough,9YDDgBU79W521Ur
229,Ena41,407icNJ1NRYhb43
230,Bettye28,9U08mqcLf8TV3Ew
231,Lempi_Lemke-Roob8,57tV97IJDxt0A7X
232,Minnie24,CtGt0ye1n3laiC0
233,Maximillian88,p6V0EqmN6a66rS0
234,Destany23,1ugAqkMq8y39eUK
235,Rhianna.Durgan,KWTKhMhusxMJMfO
236,Georgiana.Kulas,Qts4fxH2JHQT_Qt
237,Kennith70,WK9lp0EHm5JF4mN
238,Dax_Champlin-Farrell,2PyF_tbRmhBWzuf
239,Shyanne6,jEBEWJmUHVBNm9t
240,Lincoln_Crooks,A4eZiGdWsi1Oide
241,Murray_Stark22,YRXlM8A4ig968iA
242,Lorenzo.Buckridge53,1YPgbbBsmhN7d7H
243,Giuseppe_Koss90,mB6yXuIDX0NJiG1
244,Claudie74,4gBXR6ODRi4_Adf
245,Jaeden.Morar32,lsH4JhiBb_fvqpw
246,Imogene_Rath,WoSzIUTyIYhy6DM
247,Idell_Quigley-Vandervort,OEJtzRyQfMJeVeT
248,Charlie.Goldner,ONTtAV_G1mxcvcs
249,Manuel_Wilderman,m8BiAEUGTdXxr3a
250,Louie23,hRSXm1PHgHyknaA
251,Juwan.Hickle8,WfbS0LXpne4u19M
252,Reynold.Carter,LHjCg5mYeZH977q
253,Kim71,bzRU33T3TDhk0RM
254,Clark_Hintz,WM6ENjUgasrsk9e
255,Emerald.Padberg65,j5MdN0KRoeuvr4_
256,Cletus_Herman,99qc_DICVnnrsZC
257,Pauline.Hirthe,w55SUKFOsio7vhR
258,Edmond14,NZ4gO71B2eNQ_8r
259,Garrick50,W9e4aLh59OJZN34
260,Dax53,eTLGE1rEUXjK6Se
261,Austen.Schuster,Axy8GoZkPe8zIJZ
262,Vince38,5NLZfWE__qqlqwk
263,Lexie_Becker,tgSSaqM1EWrfq_8
264,Ressie34,FAdOPOg1GU6x1fw
265,Itzel32,pvnBQ5H8_58Xc4L
266,Ora62,EP0ywGxoVU3mu2e
267,Franz_White24,wQVA1T2q8lvMnuU
268,Saul3,MsKA1C6tzAuNFbs
269,Kyleigh92,ehiyLo8Duy4N4Jy
270,Minnie51,V6MRr0VE34tzulh
271,Judah_Kshlerin,Id4IXfSVpcv45wh
272,Sydni.Borer,uSDimeKFHJCQsxj
273,Alexane26,i4weUFcYOlTkYNS
274,Margie_Kertzmann-Yundt88,d5fdc0AJE3keYWd
275,Roselyn.Zulauf,BWmWSua72Qy0NGE
276,Destiny_Nader,poQaYHn0v2P1EP5
277,Hollis55,gWvfiawfL2kWCH2
278,Adrienne66,bawBjDjbqp1a5bY
279,Eriberto56,gopdTvDRNtmMQic
280,Muriel96,BM_8ic0pUyVVluz
281,Isabell_Roberts-Boehm,pGXA7gcvMr6OQdE
282,Dante.Nolan,rwyzfV9drzpYFHE
283,Dalton.Gislason,AMj4QDlLKepIazv
284,Ivory.Hudson,PLLdJtJAvWeJu3S
285,Sam15,SETjX8w0hIs31hp
286,Kenton_Halvorson,Rezx3i6IQCE6knx
287,Rosa.Corwin25,joCubmESWWiPppX
288,Lorna_Block52,TyeJoecR6PtSsvZ
289,Kari95,oHC9c9xQC1g7Txp
290,Chyna51,wxGSEveCYXyhqxY
291,Elisha_Lemke35,xoSPgL5kGEm5CHG
292,Jarred.Russel-Vandervort,gapJgG0uR5cbj4R
293,Helene_Ortiz,Z3lUG49NrE5FHPq
294,Ericka.Schaden,lVS97rVuAv39tXa
295,Eve99,KqjxlRAPrvcg3Vc
296,Asha90,e0xYmP3GN3DwYGI
297,Mavis_Toy18,mDAb811EPZ0comj
298,Mikayla.Langosh78,CPtMExoIbeTpwo0
299,Ellsworth.McClure-Maggio,qU5P1DWF0D0Gb7D
300,Wilmer_Daniel77,XIKZZYsrVrLA3mh
301,Princess_Pouros12,0w1asM2IDF9I7jp
302,Kiana.Feeney,UB1tDMzgDeMF0Qy
303,Jazmyne76,PEW2fqZWLTRZw6q
304,Abelardo.Lynch,XgrIpjW3FLvQOpJ
305,Myrtie17,ycSc2wjSNTk8Mzv
306,Ursula_Ratke69,BvTjsL6G4uB5hil
307,Casper53,BAnwp9KbyXYOOCH
308,Emmanuelle50,JDbiL3y6okMRWqP
309,Coby_Witting,H3nAOo3RxZTBk3J
310,Fay_Skiles12,Kdi3AuowCmhNlmC
311,Walker_Grant71,IzibZ2UtDcu_4JU
312,Domingo_Kerluke85,3gf846f0kVUjOPs
313,Kaleigh30,mrGjb2xHxfA5rJX
314,Alfonzo51,GkHfd7r3_qfIT5O
315,Ryan.Abernathy80,o7wYNGaVf0byrBM
316,Erik.Cormier-Bartell,9nX61eYYD_gPIcv
317,Roderick_Blick74,ARQpgzJb_BMAmo5
318,Katrine92,Ate35R278se6Y8f
319,Brady.Morissette,zQDanjCaBzGQwvU
320,Scot94,vazqNBFzgvAkyYO
321,Nathan_Kuphal,3iocoGQlx5ShGwe
322,Grady.Kuvalis15,L6aY2iH5_znE1TA
323,Mary.Beer,dHQxZU1nQX4byK5
324,Hollis.Schneider12,YHEGYbDWnDKATon
325,Ally57,IPzMgOpFk0xMSec
326,Mercedes91,7SlV0yUf7cOJGie
327,Kailee28,jnFpnTApwG5K2Zc
328,Henry_Huel,VR2FskicbPHEOoQ
329,Vallie19,cfhxMASHkAWS7_s
330,Ashlee86,nWRbvrkDxxNfDgd
331,Margarette.McKenzie,mq6xY2w4_Ub5k9I
332,Gustave.Hodkiewicz29,thghoyaGu6zma54
333,Bernhard_Watsica,OQ14J_AzfTeX7_U
334,Dion.Huels,tHhPkGW8rwhhFAD
335,Adolphus.Brekke,S9qyU6KtMlXNz6D
336,Rowan_Torphy36,3ma3ru7o42pG73I
337,Nat_Haag,qKLaqMV6S0vl5rU
338,Reece_Hane55,nmzf9tualuC2PqJ
339,Kristin.Tremblay,FR6eN8c21knGs3b
340,Junius35,Z3Dtli_9OFEe3P4
341,Ernest29,jLi4TQy9pmrLlVV
342,Angie_Nitzsche,9GXj0bR43hGMHjB
343,Mafalda_Stoltenberg52,UsOGkVf9OTHUnfN
344,Benny.Denesik,5mOC93MrDzmqpim
345,Bianka_Morissette,kR80ghV3UNlNqUt
346,Alden_Ortiz92,ghMttckZXM75jr5
347,Brandi55,vogVRTa1cDmz3C1
348,Aurelio.Jones,tmtNesg1h8Hkmnn
349,Adrien30,1h7QPjyuykAeObc
350,Vincenzo.Kuvalis97,ob8Cjujmd3lZPjj
351,Daniela30,_jYfCiQL71h6pF9
352,Jamal_Fadel,JH6njgyOUac6TbN
353,Abdiel83,Pg6PwQSiJFXCl8N
354,Winifred.Keeling47,lzt8yzIvMV3UlmJ
355,Orville83,WM5fa5JcDqU7fXK
356,Nova.Hickle58,BIzAsRh3ZEDZ6C4
357,Federico.McDermott18,osLvVsoMdBcvYwH
358,Jasen.Balistreri,M3Qj_YPFGXIKLvl
359,Claude.Pacocha,a6vBzNZ9DSTkmfj
360,Torrance34,5dVw7uh_qr0xYcU
361,Donald_Mayert21,rfVhMLrN9NgcfHe
362,Lelah_Huel,4VuZYLezgGgEUTF
363,Jacey.Murphy66,kp2VFX1S0vXgrFo
364,Rowan23,38Psn6SNMh5nyi_
365,Jordyn.Hoppe,pSu_piEBdJCZUrS
366,Retta_Weber-Hansen50,CA2iO_rTvMR2dMD
367,Aliya54,pqctMDlKJzf_hVU
368,Cortney47,qIYKrdJRP3yF6xz
369,Mohamed_Brekke,hbrc9VKg9pPZKf5
370,Stephania.Swift,tJI5CAYMlLMYC_y
371,Francesco_Leannon54,m6sAFngYuZ9JOVX
372,Crystel_Kiehn,jlw9vAafd_ZAWur
373,Ruthie98,JSdo31lphPhYPy1
374,Ludwig81,g6bgeVgozNNOOxU
375,Emie.Mosciski59,KAuhNeP8HKzrgD2
376,Oren_Harber35,KY8FiiLfVtEZ2gK
377,Marcel_Morissette,yphJ4SIChONFQKb
378,Cali.Ondricka-Mayer,RO3_BfmxsMdl3Pu
379,Judson.Howe,sCYdDaWQtD9XWif
380,Onie.Predovic,6wwGo_tHqjKiTgt
381,Estelle.Fay6,Lv4RK9GZ00iAXU_
382,Mellie_Klein,ppg2AtUzYQkTWHc
383,Mitchel_Dicki43,5yVoLCpUleiqtNG
384,Fidel.Bahringer79,74VOj0LtwqTFzlQ
385,Brandon_Murphy,DRHZtrl9Krl3oCC
386,Dangelo65,t_g54Ha1OuDlXRR
387,Trevor.Schuppe,8EtWEY6doD5K7Mj
388,Jerod61,vzHKsNDk3JkbaAn
389,Iva_Dicki,dCwoJcNH07AQFye
390,Dee_Rohan15,a6f5m2LsSKAxMJX
391,Prudence_Nienow92,U0nghpPkT4g4G5F
392,Liam.Morissette,TniGnQJZCGMLVMv
393,Anne_Hudson46,qnJh4gMfANfhQfG
394,Luther.Schaden12,xsDolLYrKHXnEmm
395,Sophie69,7NLDgP58c05ke9_
396,Margarita89,ZhXfw1CtsQZziCb
397,Alexis_Buckridge,yJAFlzcloplrHim
398,Justyn.Schultz,193OBnF54rQ3fIw
399,Perry.Kertzmann62,gmtqGs5yJAZWx5p
400,Gregg_Satterfield49,0GKPLn0Dfm8uHN9
401,Benton_Stoltenberg15,DcJmyfwkSmdBuT4
402,Darrion27,1ix8ld9EDHkFpGQ
403,Ara.Ebert1,lpy5KxdV9bZMnii
404,Arturo.DuBuque,epr8swDDXPwbqXG
405,Lane.Marvin,RaXsTBjXhWf_4Dt
406,Frederic3,cVqetF1eSsRbU2m
407,Lelah_Kulas22,jchQCIrQ3R9YQqF
408,Bette.Beier,513POOs4Zoauq5N
409,Selina_Wyman54,GxiSUVTeG3_yqbn
410,Warren_Weissnat63,RnYFls_mbLFUh6m
411,Willis16,IJ26AvDbPg4IIxf
412,Maximo_Waters33,GXamBWwqTh9LD7e
413,Holly.Rolfson,zBw2pHfQnXy0BwK
414,Alisa.Botsford,SwSSZX0nooGfErp
415,Orin_Schuster,eLy15cQAnU0V6T5
416,Rashawn_Jerde30,a9wTaTDkO8OBhvb
417,Desmond_Sawayn,7mwErK6zBawnb9Y
418,Savanna_Howe8,xLgJvlY6a3q5MCC
419,Alvah_Balistreri,I8cOA0pOa1pGwzY
420,Daisy.Considine67,uspF2s8Fl1e9gi8
421,Anahi_DuBuque87,1NY_3Si5u1Z_AEF
422,Misty.Weimann55,f5FrXdlQNqBGPVu
423,Rosario.Bosco32,EoCVLDWQ3QULSU8
424,Carmella.Johnson,8C2Ywzr72K50qXO
425,Jessyca_Metz,BxZWvdaRbPW0goz
426,Kathryne_Wilkinson,4A0aC3vZdcUyr1Y
427,Kathryn29,O_Jchujrvp4j1dG
428,Alford69,pFbB8MXTywQqSha
429,Kayli.Quigley50,wSRmmS5dq1qhInO
430,Jana96,_1Na9qdU8atqyR6
431,Fritz_Shanahan-Jaskolski,3LrRLgj4Jl46obz
432,Elian.Tremblay,u8PRta84rDIBe4X
433,Harold.McDermott83,73rXITKhZSP_G3V
434,Zechariah_Hagenes66,Uj9kmQ8e4UIsJXO
435,Bridie_Johns13,N1t5QQLsrv24DWh
436,Judson56,sMsf3f0L6W65IJv
437,America.Carter56,ZYu1_vhC4WjRhnT
438,Elyssa62,Bhh7aN3xoIDNYyI
439,Adalberto.Sipes85,kOqdn1udxvYr0Gr
440,Carleton.Will,kaHXAcHp4bqztis
441,Brendan.Stehr83,5hHpKxT7beCUbOq
442,Declan.Von,ETbMWUcVOsQ2HSq
443,Jaeden.Runolfsson,In1odcX0Haxc9Yf
444,Cassidy_Mante,pSEpYNK_ioTgYTE
445,Jennie_Reynolds2,E8s8IVhmmJ6K8Ej
446,Kareem.Schroeder,_ZxxBYqcdJYITHN
447,Jalen4,6M5Vzhf1Ce2HQu1
448,Leanna7,ixOvtqm0MC451lk
449,Horace.Kertzmann,wVlmSRogNbtDJII
450,Britney_Stoltenberg,TaVkMNzkiC_GNgP
451,Patricia_Funk67,VqUVelYbbvbo7B8
452,Tyrell.Braun16,KOEN7xdGnBqGiKJ
453,Esmeralda_Brakus99,ioo3I7CQdLrkQhC
454,Elna.Torp90,pc_59pik_8t43GB
455,Delmer_Sipes,2vfykYHplOIABbA
456,Francesca_Stracke,YSnZBnyyA85ydjs
457,Theo75,NAbFuOgfFZx7VOC
458,Nils.Schowalter,hTjVArlRodSotVd
459,Kevin15,Df_6EA0My2IXVnK
460,Katharina.Schultz,MMJYT7yL9J6z_8K
461,Jarred79,skMCeYVqgJDJi7S
462,Kirstin38,S5V8E7kRRb73xrJ
463,Cheyanne_Hackett,HG9UUGYQoR5CnlL
464,Marcos.Ruecker47,_IkJUAps3NzAtJ4
465,Zoie_Jaskolski20,YEi8sbEKJKmON9m
466,Harmony_Okuneva,e5Zyi8kNVlvGFZm
467,Vivian29,NdnTMWPeoP7IFga
468,Guy.Kessler,PWarqxScpXOwmnW
469,Kathlyn5,0E2J0jHJpV1VDXH
470,Daphney_Stiedemann20,lh96TSYfHyHKzjF
471,Cole75,9QVNE4n28iC2qzT
472,Mandy98,nsVCN4bXAA8Ygfb
473,Favian11,Cem7M1FfvIxdCw2
474,Grayce_Howell,r4gnslN3GOPjCu3
475,Chaz_Bauch38,xZEX0yZxG8XYOMM
476,Dalton67,bCfqOV6t0tRF1UE
477,Oscar89,2B98RqIZ0jX3vqs
478,Wilburn14,2JkCfwYCTE7R24D
479,Ezequiel29,AtdH7nux91XdR8B
480,Amiya_Huel,Ay8yc7vPwXSj7XI
481,Holden88,4Kq50KnWKfij7Gt
482,Lance51,6sOWvji7smo7Mwt
483,Gilbert1,HOBC8Ir64sFeEZm
484,Ford.Kohler,tElwEn2xO22_1E2
485,Rashawn.Hansen,jLChY4kKMm7_nqK
486,Noel_Brakus71,fxdQGU2OxULaWJr
487,Sierra40,qpoIZ2Mxt3XybI1
488,Gretchen_Beahan,qHFl2WaSn_j81gC
489,Gideon_Bartell,uGFXOZYOaU0Bbao
490,Cecile.Christiansen56,E3RD6ztQ3zJfStd
491,Hector_Senger54,0Mzvx9pf2fDLRi4
492,Jasper95,j6IseyBQXyHszrY
493,Alfonzo97,xdmL6OzhjwK7XUV
494,Gus_Towne,fqdSxUkUmqkNS84
495,Gregorio_Dietrich,IyIo3x5GjqtDxgn
496,Jessyca.Zulauf,B87xsKYm58dbGxp
497,Peyton.Crist30,X3N83yNHryiUv81
498,Oral_Veum30,mrQdW2D6fEhhVFn
499,Carmella.Howell36,pLqdMLO5bICsMHj
500,Antonia.Volkman,Shhlpc7E_y7dzGP
501,Arne87,XAZ12KOxmpXa8Jq
502,Sonia.Nolan,6mur2o9yYhq4YtZ
503,Joannie.Goyette,Zq2k2ihyBBINVsc
504,Dixie_Stamm64,wy9panhF7zMvxC_
505,Arnaldo.Connelly50,KFreewUYCa2kOyy
506,Alia81,JkNAyglmoIHoOSC
507,Titus_Weissnat62,1KzObUVgTBAbTMn
508,Amaya.Raynor82,ZT4ucVYtjKNaq5N
509,Omer51,SFKaODdnmG5n485
510,Rosalyn19,O8gw9jR32rwvHF7
511,Mittie.Treutel52,sY3AckXfcMd9KO0
512,Carlee85,581Lc3Z7FoB2VXX
513,Providenci.Spencer,0Q4MFY92UEEB2J3
514,Precious_Lebsack,ozMtgAopVSmxIGj
515,Carmela.Heaney99,DvoD83Vp8hVqbJz
516,Toy_Johns,VySxnTNOdItGmkv
517,Etha.Klein,4u9XN_3Hv_79_zS
518,Luciano.Pfeffer,f0tnZAMZeUVb9kD
519,Gerda_McDermott,oH1Snonvupbrjam
520,Dina.Connelly,jlYi_LP6TZbiDjh
521,Lloyd.Hackett48,p6USW4uqZha7wZT
522,Noemie7,6mEpwN3WYBOYqQd
523,Darrick_Waelchi,bkiDU6GYmKLU06l
524,Palma.Bernhard29,gl0h8sudddh6dF7
525,Candace42,Nq8XYedy4j4Yw1O
526,Josie48,SFJqqCLvO8ZQemN
527,Bert40,s1qqOnmTbB2zP6Y
528,Felton_Jacobson72,s3GI9jjr8tPpO74
529,Macey.Yost56,EugXDlPtfoqKvI2
530,Mauricio_Krajcik32,QU91Xp3QDb1QSG4
531,Gregoria.Murray,wLebDjppYeknib7
532,Dorothy.Trantow,0hRZPNBLwtJrM8i
533,Lonnie.Ruecker,Qg5q8D0mrY5VPsr
534,Nathaniel_Mante60,xj_sIuZLEDybbPB
535,Ansley_Feeney,4kij7BjfVYmOTTY
536,Frances38,3reSCaGRizZWeik
537,Krystel71,c_s6ZG72PsWULdo
538,Jovanny_Flatley93,mhfp6gAN9hVY1M4
539,Rusty_Pollich17,0q2SWYekKlG9XFk
540,Francisco.Okuneva31,8rfYB9QgfGN2ESu
541,Pasquale_Weissnat,77d6HuJBY9evmkF
542,Phyllis39,YH3A22TSK3SszPS
543,Antonia.Wehner34,BCGEUqBOVhHNkVj
544,Pauline.Lueilwitz,NjFjJ98OP1wat5w
545,Lawson.Harvey,Ck7jTz6GWDv_Dxk
546,Shyanne.Hilpert,jSaEY6nih8u3F3A
547,Fae_Swaniawski57,0JgzH2PNhS5s7Kt
548,Ulises_Hagenes,Sgk2oPOJjjPfCQR
549,Destiny.Collins,tf8TLKgUvN9boA5
550,Ernestine87,5DpVKqLi8pbC8gn
551,Itzel_Kshlerin65,ZpZGFACcJAOxUfT
552,Baylee13,a_PpCIYkXKYkmk2
553,Arvel_Jast64,3l_IijhwsITXaTV
554,Beryl_Gutkowski,7z_U8m0JWh814ZL
555,Margot61,F4nubIZRscVPXxJ
556,Henriette_Ankunding27,Equ53em7HHmVOie
557,Mara.Crona67,0K5BucMsYehBcqY
558,Cordelia.Bernier43,IxYR9G4XiFdJEWn
559,Breanna.Cole16,0fE_mq1XKFHkSs6
560,Camila97,5Hb8NjBFhZibiiy
561,Jett.Schaden,bAhwNfqG3HLyNhR
562,Laurianne_Pfannerstill75,egT3j1yHGjH05g5
563,Kayleigh.Tillman,0OdOaHR8wT7J5Mf
564,Daija_Schinner,71RUYtz3Sw7mQzn
565,Quinten.Wisozk32,vn7CGEeQggCWdOM
566,Mckayla48,E1LhJmJq5gJWwkJ
567,Zoie11,9j5X0XAvdN7JfYx
568,Bernice65,AAy5o9VYwI3Fn8J
569,Sonia.Schiller94,kKjw1wrCOQXYqx1
570,Casper_Gleichner79,bqEG9Z2d4xyGB17
571,Aaliyah.Emmerich41,IPPnQFXD6ARJawh
572,Jarod48,jRktpKCsEvvEbjl
573,Ariel65,7zuFk1r7VHXT3Ca
574,Delphine.Sawayn,QrRfyel7wmmVzYS
575,Bernhard_Moen,PlpeuAj0AhfXh93
576,Lauretta.Ritchie,30oAlhi9WEAbMkn
577,Norene.Kuphal,nIyKrf_dVx2Dk7c
578,Cassandre_Ward,luf9ofQyK2qqY9c
579,Ryley.Hansen,dTZCS1PKvjdjsfU
580,Roslyn99,rJEi6rAXGvhZGZr
581,Talia19,tXmfvNz7Bz8U3yi
582,Lonie.Nitzsche24,8u3wVS31nGE7P2K
583,Major.Schamberger42,gOV5Qi0o0APDdQW
584,Berry88,yVbEqHOCHJkVTm5
585,Brody.Rosenbaum,1Crrqa_v53emTgA
586,Wilson_Smith25,z22LvJhkc6sUKV6
587,Ena.Blick74,Djunrty9Ll4Oeki
588,Michaela70,cOVwzp2oAcE8geX
589,Rashawn_Dibbert72,xGDyMGGdFDuZFky
590,Cheyenne.Kerluke,FRRQSLpY07Yy3KJ
591,Gaston.Little98,KoPYlb_KogWsCet
592,Felipe_Kling55,S0aIEfqyAOvzOCm
593,Chyna_Reilly,bK2OlewqULKZr3S
594,Devyn29,dzX_HPmN53u7ozm
595,Mallie.Volkman63,H0kRcFP74fI6yLH
596,Jay.Schneider15,IMRxyzIB9aN6nje
597,Lizeth.Feil,gJ_VJp2qskEl1rI
598,Sarah.Trantow,xnt9n544Ves5nVy
599,Brandyn_Kling15,0U4T1QXk7sRduYE
600,Dan.Reinger,4QoOOii0zNW3LUe
601,Krystina_Feil35,WFgiEwu6lH0XcfT
602,Rose48,zSk7tPwncwWQsyi
603,Vanessa.Pollich,CyUMVn4NPZ18cbl
604,Jamey.Crist,ZDLj744zXTQhFI1
605,Dean0,ZuiMVR45FmSW5eV
606,Guillermo8,1MhQgQrV3tZ16OO
607,Monserrate.Vandervort,epaGwbH5hmtDb1V
608,Rebecca.Crona,xuAWgZ1jC6pIv7c
609,Pinkie_Corkery,C9hn0Ry1Xj8gv_J
610,Iva_Sawayn71,jDINgZabi6d03c2
611,Hans_Koelpin,SmaMuAoswInPejt
612,Cora57,TcusC2kpEMqN2_9
613,Rossie.Schinner,xFzZeyXejToxXtS
614,Rosetta.Bashirian38,6xltWyxB_PtTZgD
615,Buddy_Gottlieb56,OUfMbx5EQtFHtvm
616,Armani42,zxJNTavr7cRi8eh
617,Deshaun_McClure,oKkWbS3JOYSGUaA
618,Nicklaus32,tW3Bj3FxHBuOBXJ
619,Archibald_Purdy,fPsw2G0XnK1FnrT
620,Jeffry13,sP2wMA6eBR1fG8v
621,Avery.Wuckert15,ltOou82VVCdAWod
622,Rosa.Schmidt,TWVRhsux5u1Vfk8
623,Lilyan.Cruickshank43,0EEDF2uDSPieIa9
624,Jeffry_Howe6,XQ7hoFU3imUouW5
625,Lupe34,yz3i5caNj8JsZBE
626,Sandrine_McClure49,AusAHDsqzhVx5nD
627,Herman.DAmore57,sxmsP4ovBvTKnBg
628,Manuela_Gleichner20,2G9wp_yYDL029Fb
629,Kaylin.Stanton,nKXQGuxwTo3bGls
630,Viola_Kassulke,fv4yWJDPc5og3YS
631,Maximo51,xsGuw8BEI_9floK
632,Nicole.Jaskolski64,W0O6cn7HwQm5DY1
633,Hellen_Reinger13,3XZ17ZrobO9dlNu
634,Vicente6,EWMu1v0BWICArWJ
635,Greg.Hansen,Bh17dwOvoQvrzDe
636,King.Hodkiewicz43,z6ilA5ZRlgNzUa8
637,Lelah44,qjIFhs4ihMndW7a
638,Alexandrea_Walter30,BtkIdJPqNNxWDuQ
639,Darrell.Welch,0z3PmPlrnNYa76O
640,Maye32,DxFS6ojqQCYP4HT
641,Floy47,FQL8SpSJ4NHVFci
642,Bertram58,zFqhar83awDxGJb
643,Rasheed_Smith,daqXBt9vFB7FMs1
644,Irwin.Armstrong70,fSMICCCAuC8L661
645,Meredith97,ncY1T78cLaJfkOt
646,Jamar38,4Wp5jE7NzOdb1fV
647,Nels_Shields,itrNq8b30d2WI0Z
648,Nayeli.Turner13,82tHqVyAA0q4wSH
649,Halie79,r79zFFMqXj9QFaq
650,Emie81,sHn2c61COphA0yF
651,Arnulfo.Mante80,rc4JlXiWXYKWXEY
652,Madelyn_Homenick91,gFxwYluUCjTXZ4l
653,Brooklyn66,6UfYkCy4Zrfpz1m
654,Annalise7,gLyTkqZGICQ0MO8
655,Herminio.Murray15,fB1xgZLG7bYvzS4
656,Neil_Jones68,3IITLQs80aiVEuN
657,Theron41,iN2HJsuHkbImWFx
658,Jed.Ortiz-Lind,_C2KV6SfTHmnERF
659,Stacey_Wolf83,4nfTNRuPwJreSfr
660,Ellie43,tANRxdARNdXyJjh
661,Ernest_Satterfield,dGL2xQ9TE4_liZB
662,Harrison_Windler,9P_462ZLMarGXnJ
663,Walter.Beatty17,8lPI9vIrtycR3f_
664,Alvina.Steuber41,cvagwRSB3JsggHm
665,Georgette.Waters,lonoEWQ6rPjweKC
666,Krystal_Cassin7,prTNPoh0_bfK6QT
667,Clay68,bzcZvMvThqorHyG
668,Christy_Lemke27,3MDomjWxk92OuES
669,Lawson51,_qNOStQxZY6ajiF
670,Vinnie.Schuster63,gr0pmFHLN5ZNcwb
671,Susie.Collier48,_Zx0V3ZWf78yoNd
672,Erna44,0gcnzN2FvEVT7Ci
673,Jacinthe69,7fwQEoKMmlPzY4f
674,Ward88,jUpT1g7nGPj_WYJ
675,Lane.Auer,F34ieHzcE5qifzi
676,Delmer_Bartoletti80,X4nTOTxBLdpi4Mq
677,Bridgette.Brown54,szVbl6P9fFseePY
678,Destin_Wintheiser,LUxYT8C0nnD5E3h
679,Joshuah_Paucek24,9OaT5HT98IAVut1
680,Cassandra.Farrell,o_fOxLMyfjQM7tB
681,Rachel72,wgU0eiUs4QOQ5JR
682,Libbie_Hodkiewicz58,_GWaadWCuyHOKRO
683,Domenick.Strosin,kDKDcScgSmRGFg9
684,Hershel_Lang,7_gYarYGnAug8d_
685,Pete.Will,6Q2g5ULPIhknRrq
686,Oda.Watsica80,Rkdjw4RzTk7Jw1b
687,Buck_Marquardt89,PZTjNzxUcSBBSMh
688,Luciano56,7eYrfWvZzM66uho
689,Dan.Paucek-Rosenbaum67,hKaMy4Cfk11YIn1
690,Josephine.Wisoky49,_l5OYN0XgSbmA6E
691,Christophe.Roberts64,oU2gsZ9rGNIPbJd
692,Kieran93,_enYZvnmaalcPxm
693,Myra_Bode,QZNYk3iH97ea2Rm
694,Roxanne91,z6rVm25fII_PzZx
695,Maryam.Botsford22,exYmGOj61i_wAwv
696,Kailyn.Moore,AJBZwxKw8Xn4mmb
697,Evelyn9,Op9G5FFSt1olhZO
698,Verla_Roob91,70ISWCoHZEgC60v
699,Janelle22,0J5ZXbuZBz69Q9m
700,Andreane.Franey38,KMr0PexQwxgBQE_
701,Elaina68,2FFjg6aUm0g2ONF
702,Lessie76,WPHs17DxzrVglFE
703,Dante_Auer-Ritchie,VwDOZHSYjdsdZ7o
704,Maxine90,17Jfod7O561KFkP
705,Lionel54,5TEyhVt3g4NURw4
706,Billy70,8VQ1duStA6O2nzh
707,Gregory.Goyette28,YkSUBEkbsRxpLHL
708,Johnathon_Beatty,qkgiuwJ55jLN_tJ
709,Andres_Bergstrom,gijU2AS5VBXkcqG
710,Kristofer99,wKutZseM8r4J6PU
711,Theresia_Hickle,Z_x4iZegdg7621Y
712,Destini12,9qWW0pmmE4M18Qb
713,Marcelle.Emmerich9,uM6W2y_3LbCwLXx
714,Jakob27,BMehfwzFFj4STiu
715,Amy_Luettgen80,L26PLowYAcrc1n2
716,Aniyah.West5,OlB_uArUGtmNX9B
717,Jordon27,h_z2C6FdcU5cFMb
718,Chase65,NuRV1OPlV1yS2Op
719,Lynn.Corwin94,jMAzp1U4D_804G7
720,Friedrich.OKeefe2,PV2CB88C1KrzreW
721,Immanuel_Crist,2z4ZO93N8OuEr1D
722,Demarcus9,VHmXtX6pxCv4b_o
723,Vivian93,p6vlL39cEHmRBbS
724,Collin.Hintz,GQDSx3IFe0GRLdX
725,Julie_Adams,__NlxcntG7_oVVv
726,Audreanne_Herman,4jv8kYrkt7hVgnS
727,Agustin.Kling,ZeRghkw1FnyxIRF
728,Rhianna89,N43UsBxDkjYHkrS
729,Oran.Jakubowski73,LGd1lmp0Y5AcUTw
730,Rey98,h7PHlKs0aVsLmGc
731,Terrence.Fisher25,cFgaOFMYemzqii0
732,Daniella_Kuhn3,UVi3kIYKDUClLZi
733,Emely9,Dc5jNdK9HYGSo9i
734,Katlyn_Greenfelder96,4L1Gl_mEpYB9cXY
735,Zena87,CFsrqRZCzqWhgyB
736,Vicky_Farrell-Marquardt,THsoCTZCmvceyRl
737,Mikel.Kuhlman,U03cONFpn3g67Aw
738,Jillian.Little65,SPpw5dIoztjIPUk
739,Zetta.Pfeffer,rXlsurCz1ookQIy
740,Rowland.Bartoletti57,48_mY2SR0zHsUps
741,Laurianne54,pe1s3VCnb1nRmyA
742,Ariel_Reinger8,Mmc74lCNtpljgl2
743,Amira39,my2EzoqQB9xWa6J
744,Preston22,NMUJuB9B5X5btAd
745,Ford_Gleichner48,RubVmYTK3EbtK12
746,Jaqueline.Harber,Do5S9jVp5M2FpgV
747,Rylan_Kuphal,nuIcXzssUhoCTs5
748,Bryce70,mul6QGyUkSWHREB
749,Maeve73,R_k9JqaPTo_tYxe
750,Dalton_Bogan,oEXctfwa5WbVJ3X
751,Garfield32,HWg18QbjhfxsqBn
752,Gustave.MacGyver,X_hN_V_ykRLUhL6
753,Kenneth.Becker41,TywDtGM7s8FgDwU
754,Kiara72,16ZKZ_VnF5gxfEK
755,Magnolia27,ObNkI_oGpWMlpQ9
756,Modesta89,rkQKS6Y2GAAHgDG
757,Ericka0,aNqqnuK0HT_zpKS
758,Terrill_Turner,uRX7luJaXb__3VF
759,Margarita87,0xeJq99voDRi5Nu
760,Alice.Lind22,wdJGnh7kDWlAYz7
761,Hellen51,4dGwwUevfKqSFdk
762,Bulah.Kiehn73,544gsS482VzFqac
763,Ernestine_Parisian,AZ1z2wfU2twhsMn
764,Litzy76,QMyHP5WFstFO433
765,Abbie71,eFUlnFbhqtOkJ2a
766,Makenna70,Awh7X0Dp4wGL23N
767,Loma.Hane79,ZzaaHN7X74JfMT1
768,Theodora49,rrHXOZnfkoanqen
769,Marilie.Kuhic64,lzT_rmhBOF3yt9P
770,Amari_Schulist68,MemyGHlytSuGidO
771,Rosalinda_Ferry,I2xDedLi8_680fK
772,Solon_Prohaska,B6Ucc_UG8NG_ZCk
773,Betty.Reilly39,prftEBnxKF5dKpk
774,Casper.Bruen,pgYLcFEsAuELwG6
775,Josephine69,8N3MK7n4Wj5PM3K
776,Angel_Moen,x9zyOAVT35OOP7V
777,Weldon72,bAPJJ_xxEYnfW3z
778,Shaina_Lind,2ZoIufLU1FX8AIB
779,Flossie.Graham,YHxEhnIuGbm8vO9
780,Favian.Flatley41,iDWvRsU84mshty5
781,Madilyn_Cummerata12,mhXZh6acICcQpkJ
782,Jackeline_Willms50,ZrsNc47Dz7vMk8j
783,Joannie_Schultz,VKolRjaWsJm8gVg
784,Ernestine_Hudson48,Kb9lkqxMea3o4sZ
785,Darryl.Bins29,BWPQXZ3JwSmfCzU
786,Rod8,g9HEAvPXpbY1ULg
787,Antoinette.Simonis,7eDbD5H2XnsB236
788,Carmel.Farrell56,FBifCNMZbrHZ2Y3
789,Mable38,ecIJVxE8SbZs0Dn
790,Cleora59,YzxmEVmsQJ4RPFN
791,Willa.Rogahn,7hm9AzcG7TbFv79
792,Holden.Kerluke,rwXAaeCrocGlJDG
793,Dejah80,r5nL8kvfjkqp1jE
794,Ilene_Carter0,FSr_P_HP6ABaycW
795,Samanta_Ritchie,RzbS73Iq0GmJeOf
796,Garry33,5B3rSlUmI5H8mFx
797,Annalise49,vyPr9y5Z0UKwTTg
798,Vada.Jerde82,GIWfsDb6sDvdd_d
799,Clovis_Schuster59,t00xHCZvjJ8xPfA
800,Leslie8,hyY7ED_1v4AaSwE
801,Josefina.Kuhn69,DpT648or_FZz6Wk
802,Eloisa_Kutch,TZfunekd2mxskgU
803,Rowan_Toy,stc_WiOsHJD6Wg1
804,Ernesto10,feJue991JqivulE
805,Gust_Veum26,NT9wwpm0jOrdZnd
806,Arianna50,lrwMHbyViqWhMsa
807,Monty_VonRueden26,Ui99qf3k125urZ6
808,Jaqueline.Stoltenberg-Abbott42,puzDwnTn5AcLREp
809,Marcel51,50jWvl8LHk2aTXG
810,Moshe.Carter,SKa2dFwp80MbTg5
811,Julianne_Blick,GavVm4TCC_ieEVn
812,Aryanna.Larson,8oMsJUnqT2t61A0
813,Perry41,rdvHne5OUIfBvE0
814,Norma_Orn38,pONCL478Kyb5wdG
815,Bernice.Kilback23,9R4GtDFEcQPtMxo
816,Martin.Simonis,vWftA7wTMxFTDoG
817,Josie.Durgan99,KQC2vAJNbBEwjQk
818,Glenda_Dicki41,tCKzhUW6oDGQKmB
819,Eusebio.Fadel,eOjpBeqQlsKntZX
820,Jordane.Bailey,fXGt3q13FF0VePK
821,Sandy27,gYD6FRRXREF_LRE
822,Thaddeus.Gusikowski,e39y3q3sFJ4ZjDd
823,Ed.Rohan,4vL3gvVQb1OV7cI
824,Rowan.Keeling88,7grBAgIpm9iwMem
825,Jarrell.Rosenbaum52,icIs0m9HKpSfzw_
826,Kaela.Kozey,ch00fuCwpJVjQQk
827,Tillman.Botsford,75e8RcrRVYIGio_
828,Casey11,6ZeSCklFDY5NpOW
829,Elissa_Rau,aqOTitk9B23B357
830,Jefferey99,AQH6pOeklvBf8JH
831,Montana.Larson-Steuber,KuJiTEis0Wt9oY8
832,Norma92,fUcBJiObY0XyYkz
833,Valentina86,p4EBp1aPRb0MhdY
834,Casper_Kessler,dIIXF3UkCLEjENc
835,Wanda_Stroman,2b5ovkF5BY23clA
836,Noble_Spinka,fPGImLZ78BkEpV1
837,Wyatt65,TcuU9hCFCRCKXZQ
838,Elvera.Pagac83,t37Wtdulk7plvC6
839,Jayden_Legros44,_CAWVDYbLFBylNY
840,Kylie_Farrell,lJk0tZBjDbhhJLL
841,Cayla_Mann,kQm0Zw3CVEzVscZ
842,Danielle43,Mra1MH0bO1sjND6
843,Yolanda32,Av8HaLlOCBqw85N
844,Lexi_Conroy24,FzmDaPIYG9kJSgE
845,Lolita.Murphy,W619WYUISRO0CyG
846,Zachary_Trantow78,1I3JY3RxxjUKQZC
847,Kariane65,FMe_udV6gaC3uv3
848,Webster_Sporer,vfhGgUk_eJ_6GZM
849,Jayne32,I_kCWKuOd9FwaYP
850,Jerod54,qprQWU9d3AmMpjs
851,Brent.Waters67,nQlvw7DVHFkfWmF
852,Mariane.Macejkovic,lquhCPU8cNfEP22
853,Carlee9,rLnB8eZZKmrlTyc
854,Eugenia23,d6rAVzr6hHR0XIp
855,Amanda.Rolfson,dbEhDk5u5RvddDw
856,Francesco_Orn,wdOLz1RAvuahrce
857,Pauline23,k9EAcaUR7ncjgmJ
858,Domenick_Strosin,5i51GY9Xgm1HnrR
859,Lola_Nader,9jq6I5zFJl2f8ep
860,Nina.Tillman45,nflOqbSZESovJoF
861,Jevon.Wolf14,NftZMfdFvqwcNfY
862,Jose.Williamson,H2g8sGmcytlzqUV
863,Lisandro_Walker,txvs6j71nPkuyS9
864,Watson70,tEokU9RU2ef4rRf
865,Jana16,ymeGO7cGCQggD7M
866,Marielle_Langosh79,yS06T5nS7nL1K9g
867,Jaden.Simonis,HZnBVxg4zaBa2ed
868,Laila.Haag10,6sNUogdUu3TmKn6
869,Eden.Dickens,Unzur4tNQCGjNqq
870,Rene_Pouros98,PKhCnNFqi_9q64o
871,Edmund.Frami,3oXAzEVfMaCj9Ix
872,Nina_Bergnaum,hGk7peZMhYuuFdB
873,Urban.Hagenes,i8S_KSglRczW18A
874,Jazlyn_Barrows,3t0AccwbAZ8T3zA
875,Charlene91,MYfQs2KgO4EN50K
876,Hortense_Koss,BTBRNie3Z1nNRpy
877,Raphaelle98,0hfIwHHr19xinNS
878,Earl_Bartell-Conn,D6NTpsUdq1ROKp_
879,Kitty.Hills,OMQdDlerUXFlSLW
880,Kaya_Jacobson,CnbvKC5PwEA2fwF
881,Quinton21,YR7Rq0v3_SmKRaS
882,Janessa.Schimmel,Nexgq8EwyrdxSZ3
883,Elliot17,G7iLjNGsbmQsM9G
884,Rose.Kihn75,XtDOMOtJQ6_Rfo4
885,Althea.Kunde38,PkRPRrIyu3sL9el
886,Annie2,bkPQJ5Z23l1_VW6
887,Rebecca46,RD3HUrx1kG9mtk5
888,Dangelo.Hackett,RmMs1kd0hi1W9d3
889,Annabelle.Kautzer,MDRgT9RJC1YiJkS
890,Amelia_Daugherty53,LSszvbQjiurGj56
891,Greta88,LdExfuIPlit4V8r
892,Simeon96,aM6KAmhf20bBc33
893,Margarett_Howe,TGsaZhG54lJMco3
894,Jarrell97,UcVKkTnFBUuv_9O
895,Dawn22,GICywgrA7gWdP2l
896,Raphaelle_Rohan99,q1WaCxqfw_iFc73
897,Eleonore18,4riB0jQrptO_SNc
898,Mable.OKeefe,Gt17wPpGQ4ugVbd
899,Lily.Schulist,dBntBEjBneIxL5a
900,Jovany95,FC2_VzJeuq8vJHo
901,Rosalyn.Feil67,Kanch04Vz3NVPgH
902,Kaylie.Christiansen,jD9nh2YFKlF9gC7
903,Will9,1iGCd2_kFPYRH1K
904,Tomas_VonRueden,DsaNa4GmvfqBIzs
905,Vivian_Bergnaum,AMA_86BHCOV5YVe
906,Sammie83,cdqEiU_9MnKjy90
907,Gertrude.Gerhold5,awUFfXsv8KaKmRH
908,Christiana.Corwin94,ZEUBD5094pVO1xr
909,Davin_DuBuque,1DpQBHZZETkTWga
910,Willy.Hettinger-Hills11,723hQrtBxTWoMz6
911,Jamil.Nikolaus61,_RfdjM6W9VVlrlb
912,Solon8,VRMmqFDMpOdbjFw
913,Maryam_Schuppe96,7pAKSYzlIKmSTdX
914,Columbus16,sfzXYGQg69GKBVw
915,Barney_Grant0,kTm5ffaaMVrWNAU
916,Sierra.Hayes90,Jhf8dAskplmx8s6
917,Conner.Dooley16,VO0o0Z2EUBk6OX1
918,Estrella.Pollich-Feil40,1Ibs9hUuDde1zUw
919,Velma_Goldner-Toy71,P21xJbz22VdmeHD
920,Cleo48,JqVVmefsotrzRir
921,Roel.Hackett36,MrEolYsvdITdNmC
922,Edgar.Klocko,DujYBOYsXywmyI8
923,Asha_Huels31,UCtNcXgfVAeZS84
924,Brody_Gleason21,7Ci6Nk8sgTScnqB
925,Alvah12,eZjgw0zh3HEnXaC
926,Ron_Lynch,m99GVVNJLWRagse
927,Sadye17,h1yzqA1sTuuu8Ay
928,Winona_Kris52,uINgp89tzWOOokQ
929,Rafael16,_f5knHM2xJxzjFx
930,Norma.Weber,1kkosCOJMvIMv5i
931,Adelbert.Sipes90,7EIp2gSUBqkxyGv
932,Sid_Corkery-Muller14,wE5SZ7PueKF6tWb
933,Judson.Reichert,8oxRNbc6hKJuYnJ
934,Charity.Konopelski0,EebZkaXb1PfacLR
935,Lulu.Lueilwitz,FTDZE_pZ6wscNGx
936,Bria60,YuFuyoeFMZgNyoU
937,Colleen77,3NuSzZmWPz7V83c
938,Michel_Halvorson,klsT0F34sgx9PDy
939,Maud.Schroeder-Morissette,8O6eX_NJ9g2qiOH
940,Jody28,FS5oDujpMo_kdyr
941,Rey_Hoeger,IAxuDNBKwWyT_Nc
942,Jarred_Morissette73,rBhV79MGceUaF49
943,Harry.Bernhard87,GNIddQI0e_5TpjB
944,Kira_Marvin70,ycyxkGmPOzJR_OI
945,Trevor9,xdsmtytLRhZIEiC
946,Leilani73,2y5qoconaLe168K
947,Verna12,JbVeD6ZYg0MBElw
948,Marques39,yJK67KZMBS5gf2y
949,Annetta.Dicki91,lSAAcuIwk6N59lJ
950,Dale98,SgwBvkUBCgZtprl
951,Ignacio_Turner,KXzwGx08KSz4cJV
952,Dasia.Hauck,wwh9v0hlQNfY9Q3
953,Armani43,DpVOKypfsB306TN
954,Salvador_Deckow,0yt6fhAq2eXk6Vg
955,Hilbert.Hane70,06Visln_qb9X6iN
956,Willow.Rice,0MV7tHKJv_BWazr
957,Kristin11,e06g97GPy0Vprw4
958,Markus_Jaskolski,wntJhlOR6c1hQbI
959,Casper.Kirlin-Stoltenberg61,I7oAQp_uWiPUuJ8
960,Jermaine_Renner56,mfQUAaeYReuGuQm
961,Bradford_Nader,PjMuJMsPzKoRSsf
962,Amely_Weimann59,P6FgTaflx72JI_h
963,Estel_VonRueden34,pf681hPxPN7Zw4M
964,Derick22,TTylJ0ZtJyrKrtS
965,Chance.Funk10,BHlPNSFrJY82XTj
966,Randal_Trantow54,bUkVf_wX7qu5tj0
967,Emmett_Stamm-Hoeger,ua9toXkRUITtaXH
968,Eric11,OTV8Va6wnlAFWp1
969,Kiera_Prohaska,cLt2XaolsAgYrlb
970,Susan.Harris82,bbyDCCbHdQobJWb
971,Triston.Kuhic22,X1GCMtwKXCQyBqF
972,Furman.Franey,TYngB8kUQhfMFuw
973,Leora_Schulist69,4MbFKxObgg0sdV9
974,Jannie_Franey-Mraz33,szQ248KJLBNvVwT
975,Martin.Roob,1mm42piCGLP2A__
976,Sylvester_Leannon,3Psta6FoyKug5EK
977,Randi.Howe-Leannon22,xafaAqMxTefJ_uE
978,Coy63,nr7gaYescKajGWP
979,Wiley_Rempel98,qdKWQyo6DVR1G1P
980,Alfonso.Cassin-Hoppe8,Euev1bZZ8IlJSfw
981,Mellie11,lwB4_UHwGJOhmlI
982,Ansley63,4g_lyA9lpmUMdLQ
983,Malinda32,zpnjq2F_W5PTdVy
984,Osvaldo.Parker,bk3dJK312Cz04rw
985,Theodora83,noGQgtk8lD4KODy
986,Alfonzo73,cbJl2GPs8zEe8Sl
987,Joannie68,4qIYVWxui5z_L50
988,Benny_Kuhlman,frD6kx3LBnKp1LM
989,Rachel.Walter,MB2TUVAyHkACpBQ
990,Jamir90,n5ok4Be4CPZ7GTi
991,Adelbert27,J7Cz2MV4qyWPQel
992,Verdie_Turner,_arYU0PV2c49mtr
993,Ben32,LBRAIgFjDwqJu_m
994,Elise_Nader5,mN2vTrkSToMTQt0
995,Celine.Rempel57,06pdnW2_aCysh74
996,Mylene.Tremblay97,QzzV21BKaAhWoih
997,Murphy.Jaskolski,doIRgCZR4lz9Fun
998,Allan.Windler,xFwo8WqXRhwzz6K
999,Parker11,pLRSOaCT30swew8
1000,Koby85,1yW7DIf2zEdMCu_
1001,Sebastian.Wolf62,XHr0MijQhu_GJC5
1002,Hulda7,GwajENyO9xODfny
1003,Hardy.Bernier,zu5cvWjCSJMnctU
1004,Kylie.Terry,iKllzN0YMfxABsX
1005,Mohammed.Goodwin12,WWP4pIpyOvrK1NN
1006,Allie.Beahan89,WAj0QYAS4rFaNVH
1007,Linnie_Gislason64,MBD_MuHB2LqqlDq
1008,Rogelio.Klein42,6D9QJolSZGt99pQ
1009,Devan99,wTeXgPgKhM8Ea44
1010,Mikel.Mann,WtWTOzLbhPhFixh
1011,Adrain84,3Ehlzd0Zy9D2rWi
1012,Ora66,c07PaU0slv1m7PP
1013,Jerel59,LZpFI79j3h0X0EH
1014,Travon68,qdi_KQXUHH0YYLq
1015,Devante.Upton4,DhL7wggyk2aSXLR
1016,Ford42,zQfhOCnRGnUyut7
1017,Filiberto.Waelchi,HmZm3wDGO00n52Q
1018,Brennan_Trantow80,yBcmVf3A2EPHrrh
1019,Emory.Hammes,B5sUNgvBy8ZKtOT
1020,Gerhard43,5YQJhoFwNqjY4P7
1021,Bobby20,BjCrz3NazcjEL7p
1022,Judah_Runolfsson35,Cb61P1AqxNPLrOh
1023,Oliver.Legros,GST6XwKSPDS88RI
1024,Hugh.Hegmann-Bosco78,1fCBVzJPtXcD7co
1025,Conrad56,4N6HK7G5oytKmYt
1026,Casandra16,5ABU8IWcIo3j68T
1027,Tristin61,QUa34hFe2TguoF3
1028,Aleen.Pfeffer-McClure,aBDOPgIFTwZXFFS
1029,Deangelo84,7cc93j52skMFlYj
1030,Alia28,ygy6p1w5szXWZVz
1031,Franco59,0sZ5m_lKdlHMiaz
1032,Malvina.Gislason90,lpn4iKtLQaaOC1D
1033,Sierra.Harris,4kF40idWoPfXRnY
1034,Earnestine84,ojFp3FI_2sHumo_
1035,Colleen_Becker46,kTyYr26eaW0wGec
1036,Aimee.Donnelly,zlD83woHHK8TjU_
1037,Hilario_Kulas,QnJg_vN7jHkCW_s
1038,Murphy.Wuckert,6AG8Fpg5ueP44HN
1039,Gisselle_Wilderman-Huels,fWQTucgzBDolpHo
1040,Dolores80,ovBA7z1zPX1rJSP
1041,Adolphus_Medhurst-Erdman37,floL5Y2K7Axk8o_
1042,Davonte_DuBuque,MKiNxihczT5RE9E
1043,Arvel.Klein,vHH3pZ4ECOOV2z_
1044,Madie_Haag88,xhuQFPfTVtqv3gR
1045,Skylar_Parisian18,oZvp7EY1WKeLQq5
1046,Arvid_Abbott,i79s4FkROHIdVk_
1047,Lynn_Graham44,i7RMNGTbRp5t6_d
1048,Pierre.Rath20,in5i_ocOpo7vPLh
1049,Brianne_Champlin,mKpOcQAMcB3QbZG
1050,Anastasia_Ankunding,314m54t_EvxkokK
1051,Prudence.Weimann,Ci2FzjdNlxWTclV
1052,Ronny_Gulgowski25,O5Xs08BoMK8MjjC
1053,Adriana60,k8hg1MczuW3YPch
1054,Jonas.Huel6,Ukr9IpnQp7e43Yb
1055,Jasen.Rath1,5BEjogN8ohqYljG
1056,Duncan_Olson10,wqcxwxleufzTgGd
1057,Margot33,uayClx_wVyxSwr3
1058,Desmond_Bins13,UB6Qg5KxbUj9zXv
1059,Shirley.Reilly72,Avt8pbxDOtiZQGw
1060,Carey45,j0AxYY4bnS5bFve
1061,Kolby_Huel42,5dyiyi2qblCkj4z
1062,Prudence.Legros0,RSFzuQ2zysWxxMw
1063,Stephan38,btOiBilzpjQCUC3
1064,Jarod69,LL5ScNq2SalMV_a
1065,Emilio_Schultz,wepb_7UUv7XwN8O
1066,Sedrick52,7_uIl4Df8S8Q2di
1067,Guido.Feest,RpPvuDlHxLlsAkK
1068,Lupe.Bosco,sX925C6vOJuPdTs
1069,Robyn90,zeeWpdP1balYE2Y
1070,Rhoda_Oberbrunner3,ZIx_Y2qcmGAsEAQ
1071,Rafael_Heathcote68,1r0TuZNYbu5YCyX
1072,Quentin.Emmerich37,xjz8VGVCAXDOZup
1073,Antonio.Ernser,eNnNPyf9ETPa1bZ
1074,Nathanael36,qzpxAwEl0fIlzaq
1075,Myrna21,GhSDNtLacniMiqc
1076,Alice.Kutch39,VwulmpMVkvW0n17
1077,Hettie_Zulauf,3tRkvAurV4Cnbkc
1078,Baby.Ferry88,wB8oHudH6PymGSc
1079,Rick77,2W3L2ZZVcM97T0u
1080,Maci71,_MqIFdPz4_m1IlG
1081,Lenora_Doyle36,AdOLF3jJeD4ruLA
1082,Richmond.Wunsch,dCVSFeWHJdXd1Y7
1083,Daisy.Lehner80,njousWm6g3EZYuf
1084,Kiara.Bernier66,OizhRacCu3xAqX8
1085,Rylan_Breitenberg,FhRAXQzutJpruM_
1086,Marie13,NctF4Tf7hcidt68
1087,Adonis75,PPhbUxYeWoVISoj
1088,Vance_Kreiger,ijk5vzKNjBjHIqR
1089,Krista33,qjuR0Mhqxlh7a8K
1090,Christine94,sPex8epwkSBD79R
1091,Milan.Rosenbaum,H_syD6QQmiISho2
1092,Theron_Schaefer,OcjkofkKABFjuRK
1093,Marcos72,O_YlEEXVnlzGDjN
1094,Joelle58,puGre1PLUpBiZD2
1095,Alverta20,V3E5E7yWQkbhJiG
1096,Ladarius.Crooks16,EzCIHg2_QoSYE5Y
1097,Maria47,lr3N_IECEZqKkXJ
1098,Cortney_Roberts,afyhdh_3nBi4vr5
1099,Burnice9,vDkcP6gDvFPb67Q
1100,Thomas.Hahn,Sqti7Mu_FiIcUv6
1101,Leonie.Jerde14,bBzuxv6EZYOgHQz
1102,Jennings.Goyette48,JUnDGFsgaGQUmi5
1103,Dagmar42,OcrrqVEDtv1oTBf
1104,Bertram_Macejkovic,sGWRc1PRdhrlVdP
1105,Misty1,MMQ1UDG9KkxBzcj
1106,Adan_Kuvalis80,qbtJE27WoAELMrD
1107,Dorcas42,A3oiokayrUCH92g
1108,Baron_Considine,TI1198MLMpoNqMj
1109,Calista68,5wtl2nvVCHFwgp7
1110,Quentin46,Pu6PECmIeJJq2Hu
1111,Aniyah9,YvE0rRPgEOadX0L
1112,Clara.Haley15,f699gpemEL_knKR
1113,Kenton81,n3WeT4SCDPjAQjm
1114,Kylee.Reilly,z07IDlZijZLAfjC
1115,Breana95,ekqf7dE0EO6TxqW
1116,Lorenz_Watsica79,IbUU6Ansg5OI6H_
1117,Reva_Auer80,o8FY8Kjaah3CVuz
1118,Meagan78,roQO9FkrptpCDC1
1119,Sherman.Treutel,TORo1KTpwVQI4RV
1120,Waylon66,9l8_JNi6_8Ttz6i
1121,Sibyl.Shields73,GXda9mDeLbYk1z1
1122,Reyna44,4WybWkhn2Z19vSc
1123,Aron17,8yTLE00AkAP_Q6g
1124,Earline_Runolfsson,N8jW39dvdGh1Zht
1125,Macey.Wolff,2aGJ6QpGosj93kp
1126,Trey.Reichel,muF4di9BSGYojLX
1127,Leonie73,6MmXaNwvCwI7l5Z
1128,Abelardo.Hilll60,fzc9hQ3YjefppDP
1129,Antonietta97,vMVMLf0EPhhTTi2
1130,Donny.Corwin38,t3AvcgciddflPLi
1131,Jaleel.Daniel,ifbaoQj3ofYcu7e
1132,Creola54,5OTqZdf7hUbpMBw
1133,Dedrick.Carroll,OLcyqM0i2HCSEdT
1134,Cade81,1wSp1zeT78H1ndg
1135,Dariana_Buckridge-Nicolas37,IQiB7YmEgHKPOYD
1136,Madonna_Collier,w6xh4WiRF5g24nD
1137,Vernon.Zulauf,8ehJJ7exvWewKhe
1138,Brooke_Osinski45,7oMgurOzsz9lc78
1139,Nellie.Reichert94,BUha72LZbCnC6qW
1140,Maria.Hamill78,wVPiLNTvVOoHati
1141,Tate.Gleason,tV24GioRx1fB0hn
1142,Melody_Boyer-Kemmer,p0NlIfZ3wh_i4Lr
1143,Norbert96,HyHtvoEAyuNSvdd
1144,Krystal_Purdy,K57VicHuxQJy8XO
1145,Domenica.Grant67,kxzyyERkzuKTUU8
1146,Annalise99,kwasQ4f5k0b_ImO
1147,Gianni58,n6aefYlUMsCdAKW
1148,Jaunita_Dickinson,98ujnc_J84k21_b
1149,Katelin.Collier80,BDnl02WpPnQnXvj
1150,Marina46,mEbsYTZ7ysLia5H
1151,Aryanna93,16KOi3zVA7c9721
1152,Camila_Kirlin-Schowalter97,mMPMZaKH7VVBhIl
1153,Derick91,3pmGO6JA1iDmLCM
1154,Leonora_Kozey74,TdwKRnEZZ4Vs0DC
1155,Laverne85,Pj_EmBrCnJbjYUx
1156,Julie_Schultz,Lk1930ePEVpfrzb
1157,Bryon.Bauch77,EkKb2cws5efgtyG
1158,Alize_Thiel,GGCZtaSoQpLFyYw
1159,Tevin47,tkJxqrssYWblBbw
1160,Sydni_Kris43,B_QifJNRoYN5QCn
1161,Garett.Fisher,xFeJLpBqQllybnN
1162,Winfield.Larson,Dkz46aBavIrNq3K
1163,Bradly29,OOxcSyXgZ7YnAys
1164,Lura_Thompson85,SDgHajVtOfX2jDq
1165,Carmela_Rogahn56,2g9IRie4TI1lwVo
1166,Jana.Turner57,YHVWHb6xyBtqGfe
1167,Maximillia54,FD6FKXxXjQx3Vnu
1168,Kelley_Schulist,Oqot7oHnVyg1j6d
1169,Genevieve39,cYpFdAdhk5ZiM1U
1170,Cristopher_Kuphal,clZLWHB3_sTqtWK
1171,Edna47,_LQ1Do4uHacgR2h
1172,Ozella_Rohan15,VGS_pASB_2JtQWa
1173,Tatum80,yVDut5jpusJok8H
1174,Eldred46,3JVhH3kNUYlqZl0
1175,Caden55,KEuQBjkTJnT9g74
1176,Ana34,opWy67BgsABCDdo
1177,Diana_Cormier,wc8iRj5ol7A1mQH
1178,Loma_Wintheiser31,Iq7d3K8zigfaaCT
1179,Anderson75,JlMELR11n2AooaK
1180,Jarvis.McKenzie-Halvorson39,XYh6QStCFjAyQkn
1181,Alene_Wilkinson77,owOL9hWAHRCwnSL
1182,Amy_Kunde,QmdDOgnHB4goYp7
1183,Adolph.Franecki,ahs7ecu5r3WlQ43
1184,Brando81,6Ux05HowDtR2MuR
1185,Erin_Bednar,zNriow7BUnWDbGy
1186,Meagan31,BExu19Ecp2odbZh
1187,Niko25,7Na2G4R3rYiFBv3
1188,Madisen.Lindgren,5l_SKYH_8otWfJc
1189,Verda_Nader,_mfbjoJaPCYmKww
1190,Alda.Little66,IL6ToXzuzn2qKjC
1191,Scot69,EJlWfzlDvQsjvzk
1192,Reinhold.Hauck32,HrWqJkCKwyFjJCI
1193,Ova.Mosciski,4GRRksTk16nc5aF
1194,Salma_Stehr52,dNYX3UHal6rL3BZ
1195,Jess_Lebsack78,HMF9TqyliaoY2jU
1196,Francesca65,npoDdiHyZ68stBP
1197,Pearline_Fadel22,d86BoFCdmyJWKH4
1198,Alayna_Hessel,Syf9GA4XuqNp3Tl
1199,Neva24,8tpw7L31MSmopF9
1200,Lolita.Hilll,Aw6ceGCOZpxfC52
1201,Stacy63,OL5MXo1sVcBqBFm
1202,Blake.Schiller41,hzhn9sPvQQRUB5N
1203,Maritza82,1w0gZRYLaEBV6B8
1204,Libbie3,b3qY6KYCMYj5sFk
1205,Rylee_Smith,UerIfuusQfUksn4
1206,Dexter8,x6CqcAkV_kwNHQM
1207,Marquis.Rippin82,2SR4XlgnGIlfPyS
1208,Javonte59,EQlG1XmbKCV0Hyg
1209,Emery_Turcotte,MDQrESeO9EUw1Tm
1210,Anjali5,e7gMvTrWaqXHOOO
1211,Stephania.Marquardt99,CDTnwq2K9yr9M95
1212,Enrique.Conn46,Y47bXp86spG2hmF
1213,Beau36,P17TVwt_1JNTXAe
1214,Zakary.Carter-Baumbach,KgPWP7uAQP2uEfF
1215,Sammie_Kshlerin,YolAQKHkTMUQNAm
1216,Ronaldo_Dare78,MDnCS9EOrE7JrIZ
1217,Daphney.Botsford54,ROUQNWpwkRuEAxD
1218,Urban.Kuvalis31,LWOgd95aI9NuFrW
1219,Elmore_Donnelly,w2g3ouaU3EtqZd3
1220,Schuyler_Beatty,Fp2XADVcr2ZwuN8
1221,Tina.Christiansen,6k8Ked4PS19B3V2
1222,Danny.Fisher,xAyTbEN4_Fu0heL
1223,Luz_Smith68,TmkBZHhkJiRAcef
1224,Javon_Kunde85,PEpZqAEbSPJvb42
1225,Cali_Schaden,kgRan12qatawza4
1226,Theron.Wisoky,jm_psDorZPJOJST
1227,Jerod59,BFYMmqCk70Rdk4T
1228,Tyson_Gleichner,JAxQld7ybAnT_UG
1229,Annabell.Morissette,cRE3jmutNYMXAkc
1230,Katarina43,9WiGm2_r_GLPe_S
1231,Lesly.Zulauf21,ZAHLptBQIjmyKOi
1232,Troy.Powlowski,l0dx2GJuGYapSJE
1233,Otto99,5Nl0SVWo_QFdnue
1234,Ludwig_Schumm,dgUBlN0ft_e7qLz
1235,Annamae.Gutmann,C70fy3aTypI6v2B
1236,Rosario69,4x3Wxud7O2dndNq
1237,Bertha.Sauer67,VSD_yhhBrUnA9Aw
1238,Cassandra.Grimes7,FKKDML3WTyx2Ixr
1239,Bernie_Mann,7NewwvyPG0jzUOD
1240,Anais.Rutherford,glGEJeq9iVhO71i
1241,Kaycee_Reinger,e8yQBLKi87_QsSQ
1242,Abdullah.Marks46,dWYfdErTXhyk9GW
1243,Diego50,PEGMEjXw9pNa_wR
1244,Roscoe.Bailey96,a63NnWsHrCBhw_k
1245,Laverna.Fisher,ytCKs6WVlSW_CeZ
1246,Moshe.Williamson71,Up1v4tPEqgmgfAC
1247,Rupert67,Tw8y1uUxov3a3Z0
1248,Kaleb_Cartwright82,ArMFUkjpfOx5b0n
1249,Delmer31,FTx1Mqn0E7ovt4T
1250,Rosalind94,xMMbVZcbdtdAOaG
1251,Davonte19,LnsclPn6Kq7wOvM
1252,Evie_Gleason,lrnF_WXcf6CjLO2
1253,Cydney56,AnzCuESr_ZxH13X
1254,Maia.Gorczany,BA71S9StXVGCBXn
1255,Henry_Farrell55,wcfmnY4MHb2fgPa
1256,Elton.Doyle0,p066i44NRPP_d1t
1257,Adolf75,nX8150sq_N12vlE
1258,Jacynthe_Bayer98,VbXAE8bPYtlsy50
1259,Jerry15,jJ7UMLBKCCIaCOR
1260,Grayce_Marvin,5aXC8rAk8AVM4Y7
1261,Maurice24,jpWHkjelwXdiq2X
1262,Santa_Cummerata58,6UZmwajrhzB7lLh
1263,Clyde_Kuphal-Parisian71,vzdT7_lvOmmVGco
1264,Marielle95,qQVwUtqGqmJ6bWg
1265,Ayla95,tECR5w2u3DJFlfF
1266,Lavina94,S_qgkrj9ZYNmFaP
1267,Stan51,mJBIzbqcd_6Rw_r
1268,Brando29,SfmJdUsMkGGtN_E
1269,Kraig_MacGyver,76fOGX3ckWlC8sK
1270,Ed.Nolan,KroJOcZSqLKkDuz
1271,Verdie_Miller91,YffCFmHqrM6xeNd
1272,Brady46,DtNGrNmWfS0bIPJ
1273,Cristina.Frami-Koepp66,7BD7YQYcWlrj2Ws
1274,Jadyn71,vWJ1gmIwLQxumFB
1275,Bethany_Gutmann,tSuSh1v4A7Yvidt
1276,Everardo30,okCkM44RR9NlPnS
1277,Keshawn.Davis41,KPc6kSghAsVLJ5m
1278,Reid_Carter33,MAaq7DPG6Elvsg7
1279,Zoila95,Z_p8onG9eXA4M1M
1280,Herminio0,ua_Mz14ZB_AVrp9
1281,Cameron7,4GNv6iECNrl1B5X
1282,Jovanny.Boyle,ZqBZRF7VREFCXZ3
1283,Wilburn.Rippin,7bIqu9ETO2Zq_Kj
1284,Arvilla.Lemke38,Z6CIlKRnI6A6OuZ
1285,Elton65,vKswDaQnAtE3emP
1286,Susana_Greenfelder67,9CnrgpqNH6vYEuo
1287,Tiara72,8PUvh8yWNRp_OwS
1288,Eliza.Hegmann6,zSxJogt_ra1rN_z
1289,Amira.Schaden,kBHvOfAJQeJURtT
1290,Braxton.Sawayn24,ddygfIp8mxgrYOH
1291,Jeffry10,aeUzBm1iXd4dT0W
1292,Charity38,v6fVywdOqUf8JfG
1293,Ocie_Parker15,onNjVT1mSNcwN1v
1294,Eldon.Padberg50,mPxCxUSaMW6rU_k
1295,Trycia_Schinner,SlSjNWwogsZAjGY
1296,Abdul.Welch7,ESgs0tab30EjS5_
1297,Maxie.Murray-Oberbrunner38,I4QPso8iRxgXZQg
1298,Elinor.Gibson,j66EVoGucrbW34k
1299,Agnes.Paucek,Uoia_pQ_V296fMn
1300,Billy_Greenfelder,Vd1AXxaj6zdOEJU
1301,Carolina60,3fcZoX_PSHGCZyv
1302,Catharine40,2bDUtxi34bLCnYR
1303,Shawn19,85Xr5Vf73e4Y_ck
1304,Hobart74,bd8DnIHYRIbZGqh
1305,Rosella.Lebsack45,dkaQGCNErmdV6ar
1306,Jeremy_Kuhn,xI_OUMokx8sbQIE
1307,Carolyne_Mann49,4fTgN_2MVWm3ir2
1308,Adolfo.Pollich,AtFKOWU0hy_FNRd
1309,Henri.Reynolds1,EB7JV9_qNGtIAqS
1310,Calista86,2nVVV7deZT7uKXv
1311,Laurie_Terry-Bergnaum64,ctVyTbpOeWp1_pv
1312,Rashawn0,32gqaPVMguA5cHl
1313,Kristoffer_Dicki,G9Tm5kznD7uQKfq
1314,Jacky_Fritsch,J7VSWTwI_gx1jsh
1315,Elliott_Douglas,9JYFSB9jKpWlYAQ
1316,Mckenna.Reichel98,MlAW8wblsxydpKA
1317,Barry.Denesik39,zrUFLFiMOe7fBNX
1318,Angus67,jEjebI58aU3emFN
1319,Helga_Mante,85HfpNQekG0kbIB
1320,Sidney_Gleichner60,YSdZdbSI6IQQR_Q
1321,Ashleigh_Heidenreich,lVRdacQcsJuKSlj
1322,Jess.White,_TFa_WQGUEgzpA7
1323,Esteban.Brown44,lT34ebtRDSXlkXB
1324,Aurore.Bins,DR5cx73lPtww1AA
1325,Garett_Pagac15,AF4bAvhtz2A1pdT
1326,Justyn34,hS2an8DmVk4RQNf
1327,Geovany_Douglas,1ot2qln7uiW7tIJ
1328,Mckenzie.Fisher93,AZwiw4IziuIupd2
1329,Godfrey.Flatley61,t7TH4H9CC5hdcXB
1330,Tyrel16,MTBNANhgtdy2m5M
1331,Hilbert.Crona40,66Zpg6n_TahvNNX
1332,Arnold_Cremin1,FOYgAvkAhfomdEy
1333,Issac.Torphy-Powlowski52,rcFLdx_fdKlRqGa
1334,Moshe.Brakus52,Rv5hyanNr5dLddN
1335,Lou.Dach2,hDvNiphEno8cMZa
1336,Elijah.Ruecker,dafpB8NXmJ5D9PW
1337,Cristopher97,Ps6FE8qCDjSRLgl
1338,Bettye_Lindgren24,EbzvQ3b0kLaJ_d9
1339,Reggie93,pDBXXJi4drycofK
1340,Samantha76,H8EZ8IL8LAuZkGg
1341,Richmond.Hettinger20,9NaPWbgVWrB0qy1
1342,Sincere.Terry21,FwZgzlB6lzCpczV
1343,Melany19,anCyk5JoRf2ZH4s
1344,Marquis94,LSL0uRl56p5MS7x
1345,Maritza18,XROmyLJQmNMmHhh
1346,Adalberto76,LJRFoHaBoxicinA
1347,Barbara22,iJe0H_KWnIpMooB
1348,Claude_Vandervort4,o9NqVVyu12GsAf9
1349,Art_Purdy,dIxWXRs_nEnnEC3
1350,Alysha_Gleason,pYEdzVxmQaLLnSQ
1351,Kelvin_Willms,agkk3gjtFdFoHDa
1352,Delia_Batz,7KzoDiWzQtxPTSr
1353,Roxane9,_o0xdunr3ngxB4T
1354,Lacey17,0IKHCDeT_Sr_LaJ
1355,Junior.Schneider,cTDmwUYtKLBhgct
1356,Justyn_Pfannerstill,cm0vsYWgXDpVH0K
1357,Shanelle49,Ik2jaYnCoPv9Yja
1358,Jessika.Wolf75,Qtm0Q6SuZB20l8H
1359,Nathanael_DAmore91,zplE1zdUXkvtVtl
1360,Amely.Kub,K4ek01NMxS_xY2d
1361,Alison_Klocko46,S_sdSlTAaIkXGbr
1362,Griffin_Swaniawski-Fadel,vy9nhN0TNKkfYwX
1363,Ethelyn.Gleason56,Sp7D29DIfJ89XNB
1364,Jeromy97,JxDjISYDyT7a1mV
1365,Abby_Bailey35,OdCkLGDqS7zK9li
1366,Laurie7,cpPY0G8dTqyqchZ
1367,Jerel.Crona,Rjm1aYq294txmyb
1368,Tristian49,q45Db3Zs8ZJehfo
1369,London85,jezx85rbzinIi4c
1370,Alexandrine.Gerhold,I4tjIw58CCiOqSj
1371,Chanelle26,YINUtMQXSwDgh_p
1372,Andreane.Cummerata41,KvgU4hOLVEHAP2y
1373,Erna59,SDMdkDVtII4Vabw
1374,Fritz.Kihn,oliCszBeKVAzlGN
1375,Bettie_Fritsch77,32mG_HsyZHiwLZH
1376,Aurelie_Shanahan,QGWZpr4lhgwcfmA
1377,Kadin_Kuvalis91,WvMAuq3T0WM9BiZ
1378,Myrtle32,AgwtbOPpzTrJSaG
1379,Dimitri_Rolfson,FidF8zaKn45U98V
1380,Eloise5,o7Ts07oPAKhN8z_
1381,Aimee_Kiehn,Nur1aPeIETndmgC
1382,Pearl17,jAuXDiOMJ4i5Bv1
1383,Al_Lang0,Akv68aqqUl6JlDc
1384,Clarissa.Dietrich58,FwcDmW3qeJGLkEC
1385,Veda10,5QRMxcUTIfhF5SL
1386,Duncan.Reinger25,rIp_0NBr_lBCtot
1387,Annamarie.Pacocha80,egRnYyK9UwYnA4a
1388,Cordie.Crooks89,NgM5GrLclOjZ0yc
1389,Cierra.Weber91,HN3mOxy1G03E9lo
1390,Louisa_Lynch,3_eAqe9aO2Y1Chl
1391,Stanley.Hilpert53,UL9291LMjoK6Llu
1392,Dell6,asHP5pM3ztKVV5T
1393,Dax96,gdlwnRUTBx45XTE
1394,Reed.Corwin92,mc0LtlaArqKgkBD
1395,Sydnie.Lemke38,s8Ev9tea9ULx0yK
1396,Jonatan.Kutch65,m8EJNV_jlDu2V01
1397,Tom34,e2JGCPIMyHjDIl6
1398,Sylvester43,jGF9ftN50GsOFQP
1399,Della_Schneider,gq4hu_ooeVMqXDE
1400,Ines92,nHofLkyAyOJj7Rb
1401,Amy.Schiller87,DeFq4RlU4eHqhxX
1402,Lorine.Ziemann,4y2iBBsALiEDdLH
1403,Josefina10,u1PGfy4Vh1eveOA
1404,Maida.Ziemann46,VuednL4VQ4skn1f
1405,Constance8,VJKLk6IN4qKefTz
1406,Richard42,XrKWFAR_d8EQ36w
1407,Ansel_Rempel74,8ToXfl7lTJAA4gk
1408,Margaretta.Schamberger63,px01buJTOnqXuR5
1409,Declan_Spinka,hR5t0eGU8PeavSA
1410,Austen.Mraz,UBT3qVgEmuTj6n0
1411,Perry69,cwerclNeQfIJBwg
1412,Giles_Franey9,6Gxc0H9KNRIuMVp
1413,Madison_Bruen62,r6kAsHtedbsPMtg
1414,Oleta_Corwin12,ecHrATPqw0b0YgB
1415,Adrian.Cruickshank-Smitham,jrs9vFoqv1ynvl8
1416,Laurianne_Macejkovic,ZZ_TaRd58WJ9OWv
1417,Pedro_Zboncak52,0SGOo_NF10r658n
1418,Estrella77,ubl9y582jjJJYgj
1419,Devon13,XtC9BK8Su41tRI6
1420,Willie27,7AXOh5LY7ip5oc5
1421,Daisha.Anderson,slRpHmhs7LF2c3C
1422,Lloyd.Daugherty,ijqbgPlCYfya0De
1423,Vincenza.Heaney,aWKMIZxwwQBs9RZ
1424,Thalia.Hessel75,8h9WJDf_Ug8yV9L
1425,Ed92,pHPIn6yn8AyKHdM
1426,Edwin_Jast64,5lqyFXAhRwr0lg4
1427,Dale_Gibson14,lSk9fqk0RqoUf5G
1428,Dana.Bashirian26,JvWp_Ei6GoS099H
1429,Calista.Roberts,04zpxMYdZIOxWm2
1430,Millie_Ankunding97,YRAf0jV333a8LP8
1431,Marisol_Shanahan9,WLNyyC7bDdULP7x
1432,Linnie62,e64Z3DQM2rkS0oR
1433,Yessenia.Grady,Rnktq67elXZZuD4
1434,Helga33,XGwu7SutAGmzEAk
1435,Coralie_Grimes44,XU8O5K8j3dFX1tc
1436,Myrtie13,HnuZ9x_OUMc9sB7
1437,Ceasar24,QcP6W42KJ0YbNsV
1438,Ocie21,hROfXr8RdIV8M4Y
1439,Electa_Auer,NlLYenU58Leg6iH
1440,Kacey_Gorczany1,aQTD6dvZ9G8cQ9e
1441,Daryl_Reinger8,y_7ey8N5SzLeBZG
1442,Jefferey64,djE18rigOzGind4
1443,Arturo_Haley52,MizKInkivv1Np5e
1444,Randall64,_EWk54Q5oeNIvGY
1445,Aylin41,B771zsiT4loNNku
1446,Maryjane_Wisoky,bME__QpdKz4h5bP
1447,Reece.Monahan,uopzhjQxW8n0UWl
1448,Lucienne.Schinner,oT3tgI3Dfy0mICR
1449,Kory.Wunsch,AyTay_dkDBDJY9T
1450,Felicity2,IwU6GoQ4XM2MsHZ
1451,Polly2,5rYdCN1mkaOndlE
1452,Marina52,cpzm6mCHGTDRft_
1453,Shania.Schuppe,fKSRfPqr16fZ8Ps
1454,Tyson.Kozey,kNNtb9UX00QiBBD
1455,Hal_Schimmel68,vUyNOiXd1dhAaGm
1456,Eva_Hessel,cSGNkuR5x_evRom
1457,Eldred.Gutmann1,hDNPHIbpw9mN62L
1458,Rosalee.Rempel40,6iTjf25RLiJoXMO
1459,Trent.Bahringer,MN7a7QU5zSK98ax
1460,Mireille94,P8GZfNll6jXgu9i
1461,Sally30,Wkod4lzr8_f4qox
1462,Neoma.Ondricka,Tplx876ToKlKdIJ
1463,Paxton_Heller58,RunGIVQBLzOpOEm
1464,Briana37,YOU85PPjuaBfEFH
1465,Wilfredo40,czjlzIhMGYjo6IB
1466,Stephon_Kessler,jT1VCLwQpKl5BV_
1467,Meaghan16,nE0rp8Z_cPj5KIN
1468,Zula72,fOjdPnS1dxhAjZo
1469,Maxie.Satterfield,ZVgKRDDa8LmGjGt
1470,Marjorie_Kihn,KHcOB4pALqsMBLM
1471,Mercedes.Grimes,xfZp_5sPG_4vPWr
1472,Erna.Luettgen,1OyzmRVC3FRhVVr
1473,Josefina90,fJGrg_CWWILvTBw
1474,Noemy_Cartwright74,3UUDmLHAcg12070
1475,Petra_Satterfield35,KsR1I9Jlpc45upO
1476,Efren_Kunde,_9tXy6C1EnV1jEr
1477,Myah.Gibson,FCiM1Cg7BWbp9jZ
1478,Kaleb_Pfeffer21,c6F4gl1OmmXm5hO
1479,Ellis93,KqhIvdjGsOyLr4u
1480,Sasha.Pacocha,C8t7onWsknAH2QO
1481,Alden20,OiumCjjBIIX7VOS
1482,Amari58,0jcxQ8b0By8LWu0
1483,Charles.Zboncak,xJXCF16jRuHxuNN
1484,Sammie.Bruen,MOxU6PDkljWbJdF
1485,Keven.Roob,ljYiXxKLyk0G3wH
1486,Tess_Romaguera27,lYL2rV5DsDPZtdE
1487,Angus13,WQ2x2DE2RV7Urrb
1488,Arturo.Barton88,6AbaFFGpAEVJp4i
1489,Jermain.Beatty22,bJ18SXaYFu8vok4
1490,Velma.Hand55,W9exWL0SQqqjIYn
1491,Ignatius.McCullough,L8wysG3CFhQwBrf
1492,Marcia_Leuschke89,zwb0rG70nVCNHB7
1493,Wendy_Koepp,NOcUlLQJVOZBAug
1494,Junior75,hHlUEsth8DrBStS
1495,Sincere9,WyP2GrHt0iFBl8a
1496,Angie84,IdkAdndKJm7b6_f
1497,Marjorie56,gKfHSk1Le7OM4ek
1498,Tomas_Koss,KlTal2D3JwdiwcP
1499,Dasia51,sGagkLDhjbkdJoT
1500,Dewayne98,nW4iTT5dIPXV_mf
1501,Janick87,ArKvvceOVuWoRNG
1502,Fred.Kris89,EAdi7g9nKX8faBQ
1503,Amalia_Smith,B2pwI3jTnGx9Jog
1504,Lonny61,RR40GvokKbwWN0B
1505,Marlon.Strosin,S9xLkYrKTUgmO0f
1506,Aric.Kutch,JRIQjMedQoiFyrg
1507,Nina22,YT5YEwWrQETgIGG
1508,Werner.Crist,B037mq8dYu5axRt
1509,Scotty70,ToE_A_BbST14ZkE
1510,Aurore50,jzNM5FTOg_xV16Q
1511,Jazmin.Gislason,KefeYCVXdoerlp2
1512,Stefanie.Borer34,s5RlAhWlrsdPx8F
1513,Khalid.Bins,jVZr1RYvlyWylE7
1514,Boris68,WIzddLi9kM1hXfU
1515,Jean_Keeling88,D40dPFf6HfqHqF5
1516,Katelynn26,VUYCALONxLzfjZS
1517,Emmy3,eReqdEhqNxb_ftH
1518,Savanah74,5eL1Tk6HD7mvfyI
1519,Misael92,6HH8OuZMtJBlOgz
1520,Shanon66,xkJmGudhoT9Tb15
1521,Kaia25,mwR9MUXuSxKF3JJ
1522,Rey_Leffler,S1Q8e2BqTORC4Dg
1523,Danyka_Berge,xtcI3sUpVQBlwut
1524,Janet3,jF_ysbZc0XX19FI
1525,Caleb_Berge,x9I777dFcCoJujH
1526,Joaquin0,JYHdp9wbAQJn4iG
1527,Sid.Hirthe,FSRcIHnZ9PciVRO
1528,Payton_Goyette62,68bYiyYy5hBBjoJ
1529,Adell.Reichel,pGOgWJS_IjF4z3J
1530,Pat86,9AdoIRDbEt8dtzZ
1531,Ara3,o7QIdVPXA22GN4T
1532,Dora52,ylLJ0KGogAZIpKW
1533,Linda20,CVAteMdLM70g_Sr
1534,Ally.Thiel11,zlL6GPWf3E1CsIS
1535,Vaughn.Mosciski,BKHM1iNw4GvWJ_t
1536,Clotilde1,CBnPIj5gA4FwN8Z
1537,Clemmie.Spencer83,8XsDFEcvQst4eWI
1538,Mylene.Legros,v0IBqMenwA7n8w1
1539,Maureen.Robel11,r2Ge0brhM7rgrjm
1540,Gunner2,nPINqNAo47NLdKd
1541,Cary.Brown72,pokHrhUX0cUZbWw
1542,Nikolas84,s0i8QDkCBasrWSc
1543,Adonis.Schultz,UtbQh518HBJ62YP
1544,Felipe_Kuphal-Monahan,plnpCuUSpXJ4nbh
1545,Olin.Goyette,6srRQ8DBVTBOyY3
1546,Filiberto_Beatty,FaVUpS_Xvarin2M
1547,Edgar_Reichel,sBohAqCnPZ6P0LP
1548,Damaris20,Iul3CGw6vTt6FmR
1549,Adam_Mraz,x_UxqKnhXoSz_Xm
1550,Arjun.Homenick,v0YHJg_56cp8mzj
1551,Burnice95,GyBwVsfbmvXmeGf
1552,Jadon79,jqK6UnE60Q15Oqi
1553,Donna15,YjB1EyRXasgo6jd
1554,Clint7,6Y4CR8ke9_PqN3Y
1555,Herta11,5ZdAA8Ct142zxFX
1556,Lucie.Gusikowski,Go5Amf3wmPl46vA
1557,Andreanne.Cummerata48,Del_Bxe4cqfcTY1
1558,Tom_Gorczany18,8fgi_62PxpqfoE6
1559,Ethel99,FM_XNC2jrVY0xwy
1560,Maiya55,bLleJO6DngsdpSs
1561,Lelia27,iqIotzu2wjgHx5p
1562,Wilton_Mertz-McClure,lM5ztj_ndUWbsdY
1563,Brandyn93,5pxAgtsfFJ5NmK8
1564,Dallas48,MtAxpGXhxrZPwMj
1565,Raquel.Price71,6kZg8WfQIAGTG37
1566,Jerrell87,6ecyGTGY8uPS2Qx
1567,Sydni67,5dXL6biKj_UVRqF
1568,Grayce58,_P21DJueBtt9brs
1569,Brock89,PKIIfGbcmNTPHnC
1570,Clinton_Berge25,XKjUa7JaMf5T4RB
1571,Carmelo4,8eKdGfn84AX3dvz
1572,Delilah0,f_AfMpJmpPppkhw
1573,Chaz71,gywpSBmbLBh452Z
1574,Spencer.Schmidt7,4xEgECodF3MADLJ
1575,Ottilie_White6,hYUX7NFyKrUt8bX
1576,Thomas_Huel,Pz8KRo84OCCaK0b
1577,Macey_Johns47,RebTMWmRI8MTHmc
1578,Melissa.Hyatt,awLsYiIz2_sbsMs
1579,Cyrus8,k5BXvXzdGUuSzR4
1580,Fernando_Bosco74,9e4ZC2T5ntkQh0z
1581,Dovie.Jast,zaT911JBTiufkn7
1582,Horace_Johnston68,2KrVXm9yRRdugKO
1583,Filomena23,QL3IPUXZ_WSb5ar
1584,Sonya.Hettinger52,By7Nfso_YBDpSbd
1585,Ryan90,_0GGiWgPFoqTzyc
1586,Dayne48,5lunL4_AIYsR23k
1587,Jensen.Hermann,0VnyqHQ0otusFBR
1588,Lisandro.Morissette,vYXdrsM8uF1wXai
1589,Hailey_Kemmer,G8MGiz1IfouPEdh
1590,Ariel_Herman36,gYka3KptwBeiWVA
1591,Eloisa_Schmitt73,_O5eeji1haD9brp
1592,Rogelio_Upton,fPlIMw_vKcR1_bv
1593,Brendan63,IClWmkNMIvzvUiz
1594,Zachariah20,Dg7roDVjjqF2GWP
1595,Rafaela.Pollich25,ToNDQWQrfuwmc3U
1596,Allen41,N079R6RZAcOzUJF
1597,Catalina_Bins10,StAg5N3d1kvxBIN
1598,Precious41,1OkbuQDSDkekYlL
1599,Anabel78,1xT2XH1wd3GXUAj
1600,Cletus.Hackett,Zf92Qmzp9ArNfPk
1601,Stephen.Schmeler84,UXewFrUafb_nNap
1602,Susie.Gutmann-Fadel72,6phhtgbJ8IF8DYi
1603,Taryn58,ybtwLq849FCUQpo
1604,Cooper_Kovacek,ZGM0Y0tGFxipDXJ
1605,Titus_Thiel0,O2YIXb2O1NeNT1f
1606,Caesar_Nolan,4DS65rOqjOVpLc4
1607,Harmony.Kuhic,3jpysYuf_OmGlwb
1608,Alexander_Maggio25,yyegyRqTiyilflP
1609,Merl_Hartmann,w95U_UOUlVT6vy4
1610,Leonel.Hilll,_n49vblTTP7uSqH
1611,Clement_Ward,QOfBSwwkS8iymxF
1612,Helen_Gleichner56,Eamabqk4amq43Iw
1613,Enoch20,xvIaI6fTh89YNtC
1614,Skyla_Cummings29,88GPgWQk8piJYnM
1615,Doug.Sawayn84,9KE04JXN2vNKcIz
1616,Luigi18,Rn3eZ8Kn84RGaNj
1617,Brenna.Cummerata,UvJAqrO0cTuPzPK
1618,Levi_Bashirian-Spinka77,uerl4deD1_m5tI7
1619,Patrick.Rice2,blqsfRhJtVgiy4R
1620,Thomas78,6oI5ZoSRSHtNh2v
1621,Chet82,HlPjxTs8C5qKezW
1622,Catalina_Kertzmann,8q3wvtX9XTdnvio
1623,Fred65,jWoAFcySfPOmMM9
1624,Kip_Botsford,eZQVWeFzrr7CaB1
1625,Federico7,YVMrTNpl6IvP39s
1626,Christy.Abernathy69,VxUQmlKlcRGFXXf
1627,Suzanne10,LISgLEzj56SHz4X
1628,Rhett69,OnQQ2rZ8XJUDzZ1
1629,Abigail_Simonis,hpDoNfYgXL_67P6
1630,Furman83,YrN7tZdUkZzws4t
1631,Aniya46,OOiCcLpZ6bABkIJ
1632,Louie61,ZTqTs8Y_RItZWhC
1633,Emie30,zdNj5baeOYFNLfl
1634,Jensen_Hudson,xmbT2A3t6FVyC0h
1635,Irwin_Dickens68,11UF4Ezf2n3idD9
1636,Jordi_Kuphal70,kwSRGaNUoesrhX3
1637,Corbin4,OIC5G4ssD70eoXp
1638,Cynthia10,Yspx5BpMs9m1tfQ
1639,Irwin_Swaniawski94,CFRZlNb4CBDzkDB
1640,Paul61,y_tLLunLwj18B0U
1641,Joshuah6,sbRaE9IhUVu76GG
1642,Harmony_Waters10,pl7cB5Zi5C0bffD
1643,Florine1,Q7WJ1YWshkkRg4K
1644,Lynn33,kUYnu5sqbWdTvcO
1645,Garnett.Heller71,C547m3b1FsL4u4E
1646,Danial36,3QfEIY7IZgMtKKd
1647,Delaney3,os4uhD84OIuwI7f
1648,Deondre.Considine,EE5yTzm9rtDzZ_O
1649,Violette50,K2m6Y9RKI0OVNgF
1650,Cary_Hartmann,IDBB4JJsd0J0vaH
1651,Ole.Jerde11,cvGZQQGxY3eSlWC
1652,Abel_Lueilwitz,nsxTkeWC10ejKMG
1653,Harvey89,AcgUB3483YKQFgP
1654,Camille.Medhurst98,HYnaKnj1BAjQ3Wx
1655,Ronaldo93,AVfKPEFiDCIJ4ic
1656,Florian.Rippin,CxIcJJ0rNrCbfjP
1657,Charlene60,W9WoKVx_wjYk4Z3
1658,Erik88,4pd1oQpp5hx04vH
1659,Libby.Leannon14,6lP8z9h_nezNf7l
1660,Brandon51,n8ASrqhJZ7KZRQq
1661,Dax_Cole15,ATeoOPBkLV7sCb3
1662,Claudia69,klUsqkSLPnE25Tt
1663,Luna_Dicki,FV7txNpjp67SyQe
1664,Jayce.Carter72,q7WbKXSegXKfxmJ
1665,Bethel_Franey-Feeney63,5SNeBQ0rCipyTqP
1666,Jace.Jast-Prohaska21,TMPnjxqcsqlm3S5
1667,Triston56,ISgwb3yJxC3UjlT
1668,Chelsey_Medhurst84,aO5kgGiV7RnOkmA
1669,Augustine39,l8WlUAS34T6lwWH
1670,Samanta.Crona93,RyxklQQlSXJTgCZ
1671,Ramiro90,g52n3kMXaDxJyWN
1672,Lew91,i5ertkOCYOPVLu7
1673,Camylle39,fYJ74zexVplzvod
1674,Hoyt.Strosin53,OrX_nIRG9MtIGYF
1675,Layla41,h8bpA1WPEbzCoY_
1676,Ryder_Connelly,wKvAnmR0aKq8IT3
1677,Toni.DAmore0,dTFsr9y7fHz65DT
1678,Corrine_Veum43,fEJbdg5qhOFCrXh
1679,Mckayla.Kutch13,o55iyPj2OQQmXPw
1680,Fanny57,9AjHC6gINHVBeva
1681,Luella65,FeC8uGALt1e5Cch
1682,Orville71,oI5IsMaYGNyl1jz
1683,Yvonne.Ruecker,cIRlJx8Zypc0kfB
1684,Millie_Koepp86,Gnl29MGczXn8mSm
1685,Destin1,HsksnrHq2a7UgsC
1686,Van_Lynch56,Rulc6O5UbrDnT5Y
1687,Alba_Rolfson,dYQbUq_oa3UA2Nt
1688,Duane.Runte7,j22rgLtUE9TxIij
1689,Vilma.Deckow,eCTnfWSk5Fr6b0q
1690,Luigi_Hagenes,mXNckD6TbsbfrEA
1691,Sierra.Bartoletti33,R9tl41MO83v2sMM
1692,Maria99,HcbjjxXpiNpz5PD
1693,Glen27,AiQyK58TaQPvv0C
1694,Jarrod_Herman,TBECg83cUMNLM9o
1695,Paul.Collins2,X8tavqWTJpeOmJA
1696,Deangelo_Hintz,BeKaLYw_smL5n6E
1697,Juanita_Cassin98,HlfV7op_294reBE
1698,Karley.Tillman,rKUnFGKkGKeXDKo
1699,Terrance_Mertz,j2eARBZRHEdvMaz
1700,Terrence10,_ojv26GYhCO9pQl
1701,Jasper_Ledner27,Sih6_z6ILPOAcNs
1702,Nikolas55,2hbCKcmjT6tPehC
1703,Diamond_Kautzer-Kshlerin,4jyCbpqLTB85fXa
1704,Aniya_Legros70,nDeHSXlBlNLC5ci
1705,Marty_Wolf,q55o2W0jcL1Cgrh
1706,Erica_Lind48,RtKVmtZLNHKK2n8
1707,Rubie.Strosin94,Rl9bbTY8_dPUva4
1708,Dortha_Rohan,MKqLJ2ureydfJEo
1709,Kaylin_Schumm83,e9eSkWTjKou3QCF
1710,Filomena7,GDHdxDAj3FpOrlx
1711,Delphine13,hagMGDcykBHVg0Z
1712,Judson_Stokes89,ne_7hkXEEYCEAcA
1713,Montana42,XauDSHctRq_4Kih
1714,Evelyn_Cassin86,JXJKT2EVxqj1xd3
1715,Davion90,xZI2HLPtEAsG6Dx
1716,Orin.Gottlieb,qLUMN6wBiB4br_n
1717,Hillard.Ritchie,0ygAZ0q1LyhKorE
1718,Aiden94,sFYpzX4HD0WmO2F
1719,Brain.Prohaska,Zn9ng7uS6cyNy_7
1720,Wava18,Aeli7MPeCrxD0kj
1721,Angie77,QWxSZXNLJWUZ5Rp
1722,Muriel.Mann,ElSnR5u2pS58XQ9
1723,Luna.Walter,5KaN5qOqn7zP9vJ
1724,Alexie_Williamson13,VDxjtCfZYSFOtTT
1725,Alexandrea.Purdy,EmuyrvKcUAVsQAd
1726,Dallas2,l9Ypwqg52FcAPUY
1727,Jaclyn.Auer,cKMjttBmT2P4BU0
1728,Betsy_Satterfield,qPpMMLfB8WlPGSs
1729,Leanne31,eVfaV5gfmIZ89n2
1730,Alexandre39,PNsO9N_uxEWGohb
1731,Yessenia_Carter0,6LiOzVcezdiMM_n
1732,Rachel16,lZJQfpMUUOOj77n
1733,Mckayla_Feeney,u11Yg_ldy2ktBpA
1734,Cody61,lgn3J6uYjThIV9z
1735,Cindy_Borer47,T3DPi8rZ2Qe9Onh
1736,Agustina_Rodriguez96,Jk2VHuDed9dn62X
1737,Skyla_Powlowski,cI4j4SzQVBD6yLI
1738,Emanuel98,a0dBkbxudvdPzbR
1739,Alva.Huels98,4ZDvCbGHhK0N7_p
1740,Bryce_Daniel85,pB64zrPf6hsmaz0
1741,Coy96,1IOlz9NbzPQLVDQ
1742,Amira99,DyLZWwyGxnS_Aks
1743,Heloise_Ondricka,nN9ZuXggrtlNBTL
1744,Seth0,W81QtPGP22ybn0D
1745,Jovani.Watsica,qxZVbUWnrs7ib2s
1746,Jesus26,BuVgpvnZqIKAcQF
1747,Clemens_Okuneva18,dPEftbKUDfjd0Re
1748,Catherine99,a6q1PnnwUx5N2QB
1749,Zachery96,X6wQz1B11QoGa8c
1750,Malika9,hUKPgLG9D9C85H1
1751,Icie_Wintheiser,aAKIuy5YuhdueiJ
1752,Domenick_Dickens20,DbHOFKHCIk0dJOm
1753,Berenice.Hahn15,XK9z2pcwaHzkqCY
1754,Kevon_Ebert98,42wgNeFzqFfx_Vq
1755,Roosevelt_Schmidt72,7TsPYxrCLmAhEPW
1756,Trever30,ozrXrtPdZeBgacB
1757,Willie77,P7OcyqwPiJw0caY
1758,Jaclyn_Fay16,_A5ZMmc7XDI5qqc
1759,Yasmine6,LTb0ZHetGAR32Ew
1760,Margarita_Orn,mTWorgMPIFp0Dks
1761,Dasia.Stiedemann,NTfypnBieMAmmav
1762,Yasmine.Trantow76,gESAK0j1B80Gvwt
1763,Daren61,NXlxHTjyil1i1jy
1764,Alexanne.Schmeler65,T3Qsp49gfya5q6k
1765,Jay_Emard21,MyPgQSn3aCffLNv
1766,Brooklyn89,n076b44sSWfkVBy
1767,Carolanne.Cummings66,yaEpmsdD22OvXSZ
1768,Noemy.Stiedemann91,mNpqtiodkpvBssA
1769,Paxton.Yundt,qknhfpAXHh5IIn1
1770,Efrain.Zboncak97,4nx0V9iNyf5IGOp
1771,Katlynn.Weber,RoBRC0bcd0KnnvN
1772,Minnie.Pollich51,dsRXSG0SsPZf_f_
1773,Kristoffer27,DFYlnry88atr9gW
1774,Randal.Schneider-Bins,2DR4R2V9_lllXCz
1775,Jaydon_Greenfelder,QlkaLTw_Ut3i830
1776,Mary79,ILKfyscoWDO569K
1777,Gabe.Paucek,2hxWI1mc8vQKGr2
1778,Gabe_Hagenes93,gI81NYyDjSUrHv1
1779,Dante.Schoen12,5GNO4AH6iWnawUq
1780,Jaqueline_Pollich44,bmk5H2e50a7YJXY
1781,Amalia.Collier,ny2JqJYyjwVr8eD
1782,Wiley.Hamill,c7uINqTGxRjQIAq
1783,Grace52,2skuFqDbnxfPI1Z
1784,Sven_Bayer48,S2Px0A2wxDrpzXb
1785,Forest_Friesen,0U1phQgso6r2bhe
1786,Hillard43,OsXQslQirpCuyx5
1787,Alison_Haag49,gxXW6oAhySvkixk
1788,Maia75,BwfGsvqWFpPGuZh
1789,Evangeline7,L9QtCEZHGVWAeyO
1790,Lolita93,66KCykrMy0xv0om
1791,Lilyan.Ritchie47,hS198ttaap_qYYl
1792,Cory82,pGefeERwXfQjnPJ
1793,Eldora68,O3CHdX6l7GaoZwY
1794,Zaria.Stehr,gEXY60gw9u12Y8n
1795,Spencer.Rutherford21,IDEEBKLIM4p7U0V
1796,Myrna.Bayer73,ZGDegX7lJxMKtXX
1797,Vickie.Wintheiser70,v_UGkxDkjyiB45y
1798,Nia.Hahn70,nBPLoHuaCoBNIth
1799,Markus.Rempel91,GtEsPfxqimBjJTy
1800,Elsa4,JxzM0KtcAU8P4rN
1801,Maryse.Prohaska-Murazik59,j1urFxbSAi2vTbE
1802,Oren66,zVafgWB4kk2cdyE
1803,Lelia_Strosin23,K7JFGJ3PCPtq4Di
1804,Jeramy_Mueller96,8OYanBHixuUSkol
1805,Ivah.Murray,DQO8x1WaGmBmfag
1806,Tabitha.Lynch11,tSPBb7rBLXhjA95
1807,Vaughn_Donnelly-Raynor96,tIpTOu007gO9pK8
1808,Seamus_Connelly-Skiles86,26zPKCJGhi5xPX7
1809,Rachelle_Terry,8y6LNA4Nve5Ay5z
1810,Carlie.Gutmann,DlxyFQqh84E6HgM
1811,Dandre_Kovacek,8PQdtBnQRatprh4
1812,Russ84,1XuTWv084MXd_aC
1813,Madyson.Mosciski,zsxWaHBThTebQBV
1814,Daija.Moen35,KSWHGOkvsc9TcSK
1815,Preston.Waters1,dA1UVEjUurnqdhg
1816,Connie.Hahn,4DwuwHOmg3LPtfA
1817,Blanca_Jones58,GiIcK7a4UgOMHza
1818,Ollie_Maggio75,CmNdCMYQgY9U0d6
1819,Luz.Grimes47,VnfbvkVuysjyj7I
1820,Teagan_Schimmel93,IarzSnpjjlJbLr6
1821,Jacey.Morissette92,LIcZwG1e4rFPE4p
1822,Donnell_Kertzmann,r1vEtcyEIVSjvZA
1823,Gwendolyn.Collins,Vx7UwjQxxkltBEt
1824,Sabina.Keebler39,OaqlLIh3oaMn2g3
1825,Gerald.Friesen21,6keahpa7zUnwmcj
1826,Jorge71,CM6nrgt0y4c65fx
1827,Chance15,LOifC5wfMdBdKo8
1828,Gloria_Cole11,V1SbmW8iNKG7uot
1829,Marisa42,AnOgSv3rnxFOJXn
1830,Doyle_Roob51,mFF1DHrNs87GAa5
1831,Vance43,C7nVjzO1A3Nhbbw
1832,Addie85,JdpDuSGXexM7IRE
1833,Linwood.Gutmann31,DohHaxOYomz9KvW
1834,Derick21,7Xxre8KZzz8L4b4
1835,Orval69,5V2GuZAirwdlKIp
1836,Nestor63,nq51O0gdpnsVACU
1837,Tania_Harber76,rfMhKwoNWMSBe5f
1838,Abagail_Bruen-Bins32,8ILt5eSv1xfY7IM
1839,Brain.Cummings24,OknBNc6XXTRGOHf
1840,Francisca64,cy4NBdt39pJ1Odx
1841,Ezekiel.Wilkinson,AAmWu0HFqEnAfJo
1842,Kurtis_Brakus,kifkon74zwTbnmC
1843,Kurt82,qoq2dxAErFXqD9U
1844,Dallas.Ziemann50,stLkpIXN4hozpaG
1845,Alexa.Weber18,PH87_72wIzK3J4K
1846,Jacynthe_Stokes46,6qxunwIC6E4cG4l
1847,Edmond.Rowe,QJJUy9X2yMmtmYt
1848,Hailey27,zcg7Uw3Mr1iGt4Q
1849,Ryleigh_Reichert50,gJNb8eKctqJygem
1850,Angus.Bode,kHk3ZJwVleTfIqF
1851,Juliet.Boyer,yEmjW1dzr6zpFVv
1852,Claud99,IvjkUnTM0rdR9L7
1853,Lucinda84,XNREm0piwyA67Qx
1854,Grayson_Jacobs-Jaskolski,9hfSB71_ldFFyiK
1855,Tyson41,0Nfwrow_ucDoifb
1856,Katheryn.Kuhlman22,jy0ZUDRznWVNlO5
1857,Ludie_Stamm82,6eX88YsA39gziQi
1858,Lyla33,5AgA9pG0GZPkOnJ
1859,Van_Lehner,wVWpf59ptaGuy48
1860,Allan43,tX1H1oA4zbmIbaG
1861,Elvie15,ZRt95kU1j8bNvAY
1862,Dusty21,YcmsMWBGw_LTaQ5
1863,Thad_Feil,NbdsgWU8crAShon
1864,Jon46,uOtybHwaq_NSyRl
1865,Pansy_Cormier,btBSctQG3BxWKNN
1866,Millie_Fadel59,m1p3RIWesfHidG5
1867,Ethel_Denesik99,HM9aVUC9JhcCeVt
1868,Gerardo43,aORz9oDLVxr4wj3
1869,Olin_Daugherty22,hlV7gHP_vkXW_er
1870,Monica.Stoltenberg,4uHjkLECjA03U9e
1871,Jimmy.Hyatt74,DJQo2PfQJDhHmDc
1872,Gregorio79,4dgbQYAUzCkx4Dy
1873,Wilber30,GTnZsluZBOgqb8o
1874,Jennings.Walter,GwEeO1sfkFyYU45
1875,Maxine.Beatty,2dBEA2KAWnub6Xy
1876,Elvera_Fisher0,vfCxFjujxYIWTAc
1877,Carmine_Predovic,Ip1CRK93wIJfspa
1878,Gloria.Abernathy,JBQGlb2FHgrT1S8
1879,Geo52,29LI0PDEZKx8NnK
1880,Jack2,LfZouMHM5QDZyLy
1881,Danielle52,XbUA5Bmot7jDzqM
1882,Kayden.McClure,CTJoDMlnbB9nGrd
1883,Elmira_Sauer,c1Tfi2cgdIe_Awh
1884,Rosina.Schneider48,2gD_AUqAsp3MqIl
1885,Lee.Huels94,t0HMZZmanCY0anr
1886,Hipolito_Kutch97,Ny8jEgAfZNhoYWF
1887,Athena_Pacocha,3v706OPJ2rqBq8z
1888,Amos.Feest,yDjdpl0kMvBddoS
1889,Reina.Hauck21,9FlcZRvhhwrswEj
1890,Christelle91,DjMmQr5n7fXPbyM
1891,Immanuel.Greenfelder30,JSxCl1WZLerz_pD
1892,Bruce_Larkin30,kpv6ElKIt1ALlyZ
1893,Cortney.Franecki,hG1nOhAp7DaLIrL
1894,Kole_Goldner,z5156XX57Q4HiJN
1895,Brycen.Miller88,OxfUI_QX14WYq2X
1896,Brannon.Labadie,6tfP_L94b5RipoJ
1897,Jett_Nikolaus92,z_kAZty_SbXMeOJ
1898,Camylle_Kerluke82,OVvrkkXyJH6Pu5A
1899,Mckayla58,T7xBySy0aDa7yCl
1900,Bertram25,b58tuoRkGQqdrIN
1901,Monique.Berge89,LRniNC53RXVNW3X
1902,Einar62,gcMPgx33FpaTpzR
1903,Jany.Smitham8,QmUoJRzdzCNb7h8
1904,Willow.Bauch,QGoyV9vhHFpSr6y
1905,Dashawn.Blick,a1qrgGAMuT_rQPk
1906,Jazmin.Mohr,5siBPU2D6ubrxa1
1907,Tanner98,WwNk0BlPxEe66za
1908,Chelsie6,vpjwTyphFiwGrNa
1909,Zakary.Bartell,q5mqW_S9gSKgZYt
1910,Flo83,qv0obXMpOw43eHZ
1911,Neva.Schoen,3G0ZnUKs7E_TK8N
1912,Dixie.Goyette80,PdGwkbegPKIZxLC
1913,Antwan84,8_YJOs4I3PPIuY9
1914,Elsie_Green47,QDTZ2D87QRqifIQ
1915,Maia8,sXjBV3nnWJMy7L4
1916,Adriel.Kling33,FQ9gtC83XEkVHQD
1917,Lura.Luettgen60,cjfhegR6YDfL6Ei
1918,Ayla.Abshire68,oFqLytRHbp2jd6Q
1919,Pedro_Haag,kbyvcUKGpIKvKTd
1920,Paris.Keebler65,Yv5iDFYjfxf0Oge
1921,Alan.Lubowitz6,ZFzIbRJqlX0CqCm
1922,Keanu_Koepp,y4WhU_pfHiDzkN3
1923,Stephanie_Daugherty,Usq8lbmyITiI_X8
1924,Sebastian.Auer,7MUNmrBPTII55hb
1925,Ada59,W2gDDV6994hVNtE
1926,Fredrick.Klein,86pAJcDl5tcLEfe
1927,Deonte.Gutkowski66,Y5FBrANA0_DUUzZ
1928,Easter_Batz,3sQR3bWr2WbSV65
1929,Kaelyn_Baumbach-Berge,mrxBsGPytg_bWXq
1930,Scot14,R3_2UaEyL8dnTE5
1931,Afton59,4FpNKPu2EsFyL3C
1932,Enrico.McCullough43,uqKUniOxut7OwBk
1933,Kathleen_OKeefe,sY5dxxwDiv0S1D0
1934,Ford8,hVPdFp5fpBsPjuG
1935,Delpha54,WPeumurEirGliSI
1936,Erna81,w2LynvRghloSHom
1937,Ethyl.Fadel,JuqaoVZHnXdwX7G
1938,Madilyn96,HQqtXyRJ0mHknSI
1939,Elliott.Hilll,eqN4XwzO97zojnb
1940,Agustina_Leannon7,HVwZ6ObCSFcrY6Y
1941,Iliana.OKon57,PaPAtc1Hww4_EPa
1942,Damion_Kozey15,aZMUW2MAZxcQnv2
1943,Cleta_Pacocha39,5pdqvJNdZLoPfeG
1944,Junior_Halvorson79,Rn1HG61gDqujUiy
1945,Hipolito.Considine-Quigley56,9PIaIqgYuy7H_mU
1946,Ford2,yGgQP130PRLaPUm
1947,Bridgette68,naacEXK14c8hJLR
1948,Lilliana_Tremblay,hTjkia0yq7DcKUU
1949,Nannie7,dAR9mtBUa2e5be6
1950,Simone_Koss83,qnruQaPiNPWGrID
1951,Maurine.DAmore50,DxrsNJgjlzC4raL
1952,Kimberly_Hyatt,klCmxDLj4tZaa5D
1953,Celia88,skuCy5_6hTQVZZZ
1954,Larue67,HC9HJ9676NXq3V2
1955,Sheila93,0KdQZmvzk_19IjV
1956,Valerie.Sporer30,jrNK8hFscNxAXnw
1957,Nolan18,wQ1_fLHRe6_PSAl
1958,Nettie.Kuhlman88,a69K01k_NqXb8w7
1959,Earnestine64,LJYl5rnhGj4ZQ_E
1960,Claud_Lockman79,0KziuCIZSG2TIRV
1961,Piper24,8NJGO7xOs3Scdl2
1962,Brody.Shields-Kub,_5oJpRF1aijd5Jn
1963,Antone_Roob36,d8dGermNu3gRGbo
1964,Noel.Swift,F53iQn0uijfRciB
1965,Jerry39,D5mkXeKPN1EvqhS
1966,Elwyn.Kerluke,xIwD1ucuyNOEn5U
1967,Daphnee_Schaefer,RAGXCC4Rysah3pt
1968,Kara79,Dw7tTY6pkmcFazr
1969,Sigmund_Schroeder,ZbIJjRx3iHWEnyX
1970,Lyla_Anderson85,EYCD0nMKCP_tY3f
1971,Arjun_Champlin,0qM9IyYHMHC4vCw
1972,Duane.Mayer6,fqsZHsc9xOhX2B8
1973,Frederic.Dare2,5pkNYaABPXNgnce
1974,Jaquelin_Doyle,OIidgq_nZSyYn7s
1975,Jamel_Bogisich74,116WHnourUBqCER
1976,Carlee.Kuphal,pI0o9x7WP0l0NC1
1977,Paolo.Kiehn85,TwCy7rYZMlTdPBy
1978,Name41,vYxCtYQaXqIWwgd
1979,Brielle_Rau,edaqubL9IXhoYx0
1980,Molly.Rempel67,MqkBwcGKA2jDav1
1981,Fay94,lQPxlgE5RALncHs
1982,Nicola.Weber11,97HyvBGEfdf22Rx
1983,Santos99,m2giXWITj_mIu_d
1984,Wilson31,ZzfpfaeOkWccXkk
1985,Claude71,S7mxPvToxF_ewbq
1986,Isai.Haley3,doRYJ3w5GmWGdVE
1987,Isom25,I0XhupzSthY6vLe
1988,Dulce92,COB7svWbAkUy_n3
1989,Noemy93,2cwhp2X6v9orB68
1990,Wellington52,eXpOOnNZbRs_VaE
1991,Myron.Marquardt,w6Rz_xvCkZKlGD9
1992,Maida.Ebert,NDH_ifbPUnJ64Jd
1993,Rogers80,HGGAvjMWYmfer44
1994,Tressa_Ruecker60,_v90OvFJIYzY43m
1995,Candido.Willms24,j0TQJZ3cAbDqMJb
1996,Conrad19,deGYAEZIEkLNkeq
1997,Jessyca10,KSQrVbJwVTpwtyt
1998,Sean.Rowe9,WPy7i5XkWmhPSZn
1999,Jasen_Gerhold,8RrHf60q4Iod7Ud
2000,Trisha_Kling,9SarWTzCpiPTy6n
2001,Tressie_Kunze31,dy_Jm8ec2MW8Tmm
2002,Maximilian_Cartwright,5Olc_kSDutrAXVc
2003,Adonis_Goyette,FBaAwVctNwdYeDB
2004,Alicia_Marvin,1O9HX0atmq6Oeuv
2005,Blaze.Bechtelar-Konopelski,sLXkkWZFU42NS4r
2006,Glenna.Spinka16,58EkrVgpdsqhVcc
2007,Jarrett_Kemmer91,ELpfu0FcnqDr0IO
2008,Makayla.Predovic,iOPXxVvqLVyWMui
2009,Keith.Lynch,93wCPUPZHN3J3Zu
2010,Brandi_Kilback23,hL7mVifkmulIXzz
2011,Lennie81,li1HWw_Dc6EdJMW
2012,Rex_Senger,cLFeqtJdQpC1Dx7
2013,Patrick_Nicolas,Q5AFlXJpxBTTv2q
2014,Brandon.Runolfsdottir,a86HYtZ4zwbvDXZ
2015,Kiarra.Blanda,GtkZk7PJOjlbgIx
2016,Hal_Conroy95,qGovct30DvhI7V2
2017,Blaze.Pfeffer,6UOH_rgWlX0Bzzk
2018,Ally_Runte7,MCLj6DXikPwTaRF
2019,Whitney_Ledner,cZxEP5RpRcA4QUM
2020,Nicolette19,QVXuhtldObpaaTo
2021,Brenna.Feeney-Kuhn,syP1Xq1e4zVEAEn
2022,Reece.Parisian,leC2ybCccu_NdOi
2023,Ila_DAmore53,vOPqFeil3eyE_U6
2024,Brennon22,RGcepeufkbLw_mz
2025,Brock_Heidenreich86,FNTguCqUxf0gQkv
2026,Otho95,C3x1lWE3p9rIjO5
2027,Antonietta3,WDVI53ZPShQ61fm
2028,Aliya.Bailey10,XIbziOfZ0GlB61m
2029,Elijah_Green62,aZCpVn3DoRm8AkM
2030,Haven.Roberts,HNoZEaO3wUa4C8U
2031,Lavern26,PBTlErxNC06jgRa
2032,Elyse.Klein,FmxRaEvnCDlulZL
2033,Joelle53,ygJraKjnKz_9h_B
2034,Alvera20,A4LSOebCJW7NBp5
2035,Maxine_Ritchie,41XFe6vlG1Lqc67
2036,Vivianne58,VJqAeaGwtfZG0Lm
2037,Alberta.Mann,noFvCNFS6mpokWT
2038,Christiana.Rosenbaum25,QJQ9poLGA4_wExv
2039,Ernie98,IQgHPdEnCtQCozc
2040,Alvah.Bashirian,GAJ_Nl9CujIqLaz
2041,Brent.Quigley,s5w8sSxVyaActcH
2042,Braxton78,Wb3ZgLIvTpLxT1C
2043,Lavinia.Pfeffer,dX4Rt3Ddhnmlm86
2044,Adan30,yJJCOxCsySbKzQk
2045,Christ83,1zLRUTS9QcDhluJ
2046,Damon90,4QOS1X6ALDsJKmh
2047,Eva.Jones-Gulgowski,2Mf8L1vTopw9lRx
2048,Celestine14,_MvzwJN0Muelwzu
2049,Karina_Dibbert-Hammes26,86D_MspagMF0rpt
2050,Maybelle.Conn,DVmCht7Z_wPjeaF
2051,Jamarcus.Weissnat16,n6dB_T3CuHcm8An
2052,Madisyn.Bauch53,yJrg3ar4EvxdfLU
2053,Nathaniel.Connelly60,F9Bx3eI5YMxVbaN
2054,Maeve_Bahringer44,63XpGZ2tUlAbShp
2055,Domenico_Yundt33,9uMY_Y4aqAtIIvi
2056,Erling.Kiehn,da1_4nlZjWlna93
2057,Tatum.Farrell56,rxlgHrQVLu9dF6f
2058,Carey_Douglas,8NLL9pEdaQfpwWx
2059,Willie.Gleason84,kYBR6dtbb5ciEE9
2060,Ellsworth.OConner,DGVNuj6B5SoVxeH
2061,Sim3,etBECK9maChwOXi
2062,Trace90,Ou9e9BYUCO2eDoO
2063,Rosie_Pollich22,iQwtJr02AizNxo9
2064,Raina56,ijjFlKCkAWMGiwV
2065,Marie.Baumbach7,kVz8VIMz8EGuAPP
2066,Barton.Wiegand,HvuINuPV07uPkyV
2067,Nolan34,WgsrsOkzDrYH4YA
2068,Geovany99,fHJXg54lSRHC6Yd
2069,Napoleon.Reynolds89,WiVbFdw45aNqU14
2070,Bart_Harvey53,8Qvu2V1nGFotcsb
2071,Kacey.Haag-Vandervort48,leXgqwobKXyybLx
2072,Kristin0,OxTwQpUfzi86y0F
2073,Taylor.Haag,9IrYn1k9y5TZfG6
2074,Delpha.Gottlieb74,CH3IDHARrinYkBr
2075,Thurman_Halvorson97,EWEMvG5Wrrh7srF
2076,Koby26,B9IzP13YNzTfHFz
2077,Kenny_Dooley,VjzUEBn8s67OCMO
2078,Maudie.Terry80,lW261mLDFhFt0WS
2079,Sonny.Haley79,Q71eVSZSv0oYP8V
2080,Ezra_Friesen46,D7SWFJdqcDEiODc
2081,Olga57,qABqoNt4Up54JLh
2082,Jamie_Orn,TrEQLGSjOyOLPOO
2083,Natalia_Medhurst,B_K42z4cKpReOPL
2084,Peggie_Shields,abf9BJ7XOryWWYP
2085,Bonnie77,T1GlCrO5Kg_Hop6
2086,Olin74,t1gS_WkUs0Tc4BG
2087,Elisha_Veum,gfHegLdRfZj4Drw
2088,Alan.Harvey,xVo7zVHRh2cGAS5
2089,Destini.Runolfsdottir,WHnq29CFrj_3l7_
2090,Theodora66,fBjaPluIf0a2IUy
2091,Mac_OReilly60,fE6J9Z6DIIyXyfe
2092,Bradford_Kerluke,QTEKYX3rVWY1ivW
2093,Yvette_Schaefer69,k_Ug5dS1X9QxlPe
2094,Vernie_Bayer26,GQZ2QYCcEwqwolY
2095,Cecilia67,7E6KidwshyMTPxU
2096,Nicklaus15,Q9Qq2D88ukpqQlG
2097,Edyth.Hagenes,xvYhXnfsuQ6qEiv
2098,Murl_Howell23,7voEvxz_7g4t3Mc
2099,Filomena.Kiehn,sc8Jd1E7O5CKGij
2100,Colton66,uiNysPHh3QG7RuP
2101,Sylvia_Ondricka,Der3nNZ_ukpmNW9
2102,Joel.Heaney63,kB544rv2rKbZjj_
2103,Bailee.Torphy-Schneider,Bf2PyaNLe91GpoF
2104,Reed60,uUSrMlx5Zcuvxst
2105,Dorris.Gorczany61,WajIGFGnRz3roLE
2106,Allene_Breitenberg44,d1lB2_Z6InJtwnN
2107,Lenora_Reichert64,9ff4UMdRbOv2FSi
2108,Merle.White4,5oNQL5vfJf7W7uK
2109,Crystel.Pollich,Ijlk34BXa9SGE0a
2110,Edison78,eLh_vyFIuBLdZ6U
2111,Liliane.Crist,WQ8on4xPTCaUZFt
2112,Israel.Casper,PLaXEB2S3_bT7EN
2113,Evangeline_Jaskolski45,ZbYJF06deieTrPy
2114,Lolita.Wilkinson72,vIEb0srQUthoTYf
2115,Toy_Ritchie,krRshH1AEGC9Kti
2116,Rubye68,sl9B8_94OdzsEod
2117,Diana_Christiansen,93RBsP4NEwWHZZS
2118,Claudia18,MwsvZ5mMIwM3bAC
2119,Rod76,qRZX50wqRcJJ4zV
2120,Eino68,HdoLMUnF0W27GY4
2121,Prudence_Mosciski,LIQ928KYe6O9CjF
2122,Zoila63,HEC7jmThs5vROnG
2123,Gisselle.Gusikowski-Ondricka,xNrdbw1_CHzn4hQ
2124,Earnest.Hansen29,TJwHQ1NLidPWyxr
2125,Dorian77,IkGcwBUkopMjgBI
2126,Laverne43,LtAlyUitUNOJ69T
2127,Myrl20,wUONeQbocdVNBDY
2128,Aubrey.Wehner27,t_dQVPcgezYfyXW
2129,Elvera_Rohan4,yw6My_Wb9dXUNBN
2130,Haleigh_Littel,vsKrz15iTLOyGcA
2131,Maryam_Jacobi,7gVdZAcESZuwTDi
2132,Johanna_Zieme-Larson7,l7oUdP7zcy8Fh7C
2133,Cielo_Cruickshank70,kLqByQTTp8Yo351
2134,Miguel_Altenwerth,d3hfZK2PHBDZPmY
2135,Sonya_Tromp72,Bsd0RooF3SfbfGz
2136,Megane22,NZEHCAIaYIBy7HC
2137,Neva26,R7uJy2MHgzVxl29
2138,Douglas_Heller99,DfKmeuzyvCbVwcz
2139,Kirsten.Bogan50,8kif_ATmmonQWcs
2140,Alisha17,n3U7xwfJlj2bbuj
2141,Salvador_Reinger34,QY2Fb5bBcMNKywy
2142,Travis_Murphy,xbsvbOfFSkE2rGp
2143,Deion_Schmitt24,HZZSQtqITs7Evtg
2144,Ricardo.Hamill,KzbQeNd45fhejGD
2145,Brandi_Quigley,WYeXgRfWo31Oxx_
2146,Rubye.Hessel50,lmvAnbAdXxzAmn6
2147,Westley96,bFs7TSHMv5AebGY
2148,Mack_Ratke,23m3h0IXCbXed3g
2149,Antonio46,8yzBXwZDUoY02Bx
2150,Albina_Lang,3qQDz4QTobMIm9f
2151,Genesis12,EMOqBUibs4Dmsq7
2152,Angelo.Waelchi,yXeW9qTh40Ub3O3
2153,Shaniya_Emard88,PuLTZTEi_8rL7wm
2154,Ray_Purdy,wWX6ZASJhrPEMWI
2155,Marielle_Steuber,9L6va13z4gpghmg
2156,Josefa_Kris23,R2fqlPRQI6Y9VOM
2157,Amya_Hackett28,Z_qQGqd51pHBB3I
2158,Brent.Kshlerin,BMDn2PMdILm7EB5
2159,Elda.Casper,MIUCGYV3wq6P1M7
2160,Reginald2,z30bMACOtnZeHAf
2161,Betty12,nWX0oGb9afdLFL6
2162,Eda.Franey,euFBLiuCZdli9KS
2163,Creola44,kOo1pGoRo7i2qSj
2164,Harmony28,WZYsOzpSxgDhOwP
2165,Laurie_Feeney10,H81rGrgPRhFq_Hc
2166,Cristopher.Mueller23,iyL4ig8EZ7556Oe
2167,Scottie46,94M0nSEHcbV8ai4
2168,Armando64,X9HpF0y5zALLNww
2169,Casimir.Nolan42,KFw4mikzM793DF_
2170,Andres.Dietrich54,jQNw5Lw2QMauUBk
2171,Amelie.Lueilwitz,FDev7CsDKXXFswW
2172,Amparo_Pfannerstill,Lqj5cH7WvCejOje
2173,Georgette_Schaden2,QmARVfPUaPfUR2q
2174,Alexandra_Streich,IyWSgpxmE1lfuw4
2175,Maxie_Rath,ujzV9MVopReG5RT
2176,Christy_Sauer45,QK88sVn1zWYtFkr
2177,Hans98,T73hBSt_hw4GMEb
2178,Coralie44,lYrakDdvs2RiX26
2179,Haskell.Klein84,30MvbhuRMgT3DR8
2180,Chance4,3j1jV6uPBKeFpqW
2181,Grant_Deckow,92N_YbxHOjG5YEA
2182,Quentin_Carroll85,8IcGDIPKr5bldP6
2183,John_Corwin97,uJ8HjYuVmvJZsU0
2184,Shaun.Kovacek80,HOBLw3zoeYAq7S9
2185,Kory.Heathcote17,pq7r1FokPxxdJS8
2186,Felicity_Padberg54,iMeDFf2PQ7U_1eY
2187,Kenyon.Bayer26,NJnEujka0bxqgyM
2188,Luisa.Runolfsdottir45,WHwAN3NbaqxNdgk
2189,Jazlyn_McCullough21,ca8kDsdlA0aAkXP
2190,Benny35,Jq_K6IBMiP6bW5z
2191,Duncan_Goodwin-Gulgowski,E5v_0JQbtmIZvAw
2192,Hettie8,YHDlrhcrWAYCaFT
2193,Karlee10,UregVGCImiUEiDS
2194,Justina_Kulas73,awokLP5dCOu33Kf
2195,Lonie82,NL_Ujf2WhQ1_SHy
2196,Jamir.Moore,_IIuNPRcqqwug7H
2197,Julie.Douglas18,uADzecQDHzHr8vC
2198,Damien.Kutch42,3Bavw75ZjL1vhDH
2199,Omari78,jWcJP9yvg_FJiAe
2200,Letitia_McCullough-Tillman41,Snyv39zvwkv7UdL
2201,Terrill25,0vc4V9dDAeEZ21F
2202,Edwardo59,Zgu7Vh_9lCTQpcx
2203,Daija_Smith3,WHZAgMH4cvvnWSQ
2204,Sean.Keebler67,QrH50xLIIgWX3SB
2205,Jameson_Hamill,4rne4keKkRaWDmy
2206,Kayleigh.Kutch,7do94vX5ZLay6B4
2207,Gregoria.Mayert,BhqioVfNVIDvbLw
2208,Niko.Harris,oSbMSEjtKycfjej
2209,Johnny.Marquardt,qaZk_kMPGP1gbLp
2210,Jude.Thompson13,ItxfmBOz2Oe8biR
2211,Sofia97,VpeDqcRi8qYfmbK
2212,Kurt.Hickle14,nn3eG5a5fiiU7Ki
2213,Sheldon64,AMhb_19Xa0wnDIV
2214,Franco41,_25rCPuoYdRDzc0
2215,Ambrose_Ortiz,JDeyr5L3lrlwj_3
2216,Josiah2,cbICUiFfUc1LMY5
2217,Angelina.DuBuque-Cruickshank,DOzLuD4DWQam7kX
2218,Clotilde_Ferry,3u0symdsuNRCZPm
2219,Torrance.Daugherty94,8eLkHWHE2Tgrtzj
2220,Cristian.Lakin,3rljGwGNTzhCWRt
2221,Lionel.Schaefer,C9S6_Lpk3Cx0tx0
2222,Austin17,_HLiOXkAlTFoDBE
2223,Alexander32,ngJK3bkhL6nM_00
2224,Crystel_Kulas-Little90,sTJGfbyU2V08MwU
2225,Lukas84,z30FpIhgtYhtpMn
2226,Kasandra.Champlin,VyDF0PMiT2zov6l
2227,Aimee.Yost56,MLZKd9DCkwA5EHM
2228,Katrine51,h59QSSmXl83Qfow
2229,Keenan_Koss80,vrXlIR79mcfbsIs
2230,Carmel.Marks31,gCR20xVFgVDrgq4
2231,Lincoln.Wunsch33,A7KOCSGLnTsUqOL
2232,Katrine_Buckridge94,l8qwxatFimWu72A
2233,Ford.Nikolaus51,dh8sKf_KQsoV65u
2234,Tremaine_Ritchie-Franecki15,50HCDTjSG54BLd6
2235,Rachelle52,vAt4NmhnF95CrK0
2236,Maryse.Becker31,tBnWPULgl9L2wds
2237,Braulio.Grady22,kozeZO5D9sXVGCj
2238,Wyatt36,pXS18uSJE64B9mq
2239,Erwin.Bechtelar21,94pcjgGH9wnafd3
2240,Nicklaus12,VAeybdDxDNyC0ol
2241,Reginald81,cKDYeOV1CusYk11
2242,Birdie55,tUv2HqmIdaXJLdW
2243,Jaylin69,P5RLOu175zn75h7
2244,Everette_Stroman,WJ951IzsUvLvfSm
2245,Josue95,AFfo5PyNYnopvVX
2246,Zachariah.Bailey89,n4wSvTVue1wNehE
2247,Magnus.Romaguera55,IuK5JrfwYr8dw8C
2248,Lea_Flatley,VkIHzNHIG3blSfC
2249,Alford_Zulauf,wMbK5jInCFiauKZ
2250,Ambrose_Carroll,EAjUuWKwQCkhQxm
2251,Mina.Bruen,m78E2BB3GtlSPVh
2252,Narciso.Hudson-Walter,JkPU6dizXvXrdHs
2253,Robb.Zemlak,bAXoahnLuxVcaiG
2254,Adam.Halvorson2,RD0jherkybeQBJ4
2255,Jairo92,Cx3_jdEluc5qpMF
2256,Dayna_Powlowski99,k5sYcUiEVwfOBIU
2257,Elza94,5i8LAsnllzVh8Xx
2258,Kelsie.Kulas,u1kaqJq_0a30vAn
2259,Yoshiko_Glover,9XqNBvx1Lx5ya5y
2260,Aleen.Runte,u3PY6g7l8lFmcNT
2261,Agnes_Halvorson31,yw9RBG5mRnmwlYf
2262,Santos_Jones,aelsqzaEymQSnuQ
2263,Kaleb_Howell,zqZER_NU5jWLSZY
2264,Laney.Koss,EfMbSdjaMRQNKel
2265,Brielle_Hermann,uHRoYauOVs2Yte4
2266,Alvena31,0BN7Yutk2Idnr7b
2267,Domenick_McKenzie56,08JjSMZVGXJZOEz
2268,Brook15,cJN0wNjkXxDR7al
2269,Madisen.Runolfsdottir,WM15PmTYe03mKe5
2270,Liliane.Kunde,0EaLAQeyXMaS6Od
2271,Florian10,wsQGFOG6oriNUAh
2272,Domenick_Fisher53,G6tMpC25aAb4zHX
2273,Annie.Quigley,nNVbnwNOaZp7Rv3
2274,Torrey_Pagac,_jgGLH6Rxf1ztXP
2275,Arvel.Hamill20,BzhAGd_pqUj7okc
2276,Edgardo_Hauck24,vwb6N6jMBs4FGlq
2277,Salvador.Skiles,wEhue92fUf7ed28
2278,Marielle32,bbuYXZY8z5sWe_j
2279,Linda_King52,IVf_CRyTWVcHweT
2280,Audrey.Langworth15,XiBPigtc0FdMGDK
2281,Mylene.Veum,FIFZiafS4p5fAYy
2282,Sadie98,OyutwKmQXsFuSPA
2283,Evie_Feest,sDO0KOy53J6DCbP
2284,Rey.Abernathy43,JmNAyjcem7Pvt1T
2285,Hettie.Hand67,K4FiudxqWAMBAao
2286,Ralph.Beier65,ppCo71AHKQNlaqG
2287,Jacinto74,Z0G8W0IgOKLX_hY
2288,Crystel32,A1W3omdxmpC8exp
2289,Monserrate90,KqkVxXFKaMuTu9O
2290,Brice.Hermann37,cnZVdjJFXVLeOKI
2291,Mavis_Zboncak69,ah44y6AronbFXDg
2292,Tyra71,hCOqQyTX9A8aPQH
2293,Alan7,ZUZtEaGkNuyu5Ac
2294,Wilfred_Langosh69,vpKVgQY4QD5nVpv
2295,Aubree.Frami,E3zDdBCuSuOAwC7
2296,Marge87,rmGeQmX_T6irTLf
2297,Emerson.Hilpert,RO69fQ9haB40fTf
2298,Aleen_Graham25,SICrAWKRpEsmU8_
2299,Miguel.Little-Powlowski89,qoryiTuZMk6OSyK
2300,Bradley.Little,_i1A5JuVjecOjxn
2301,Geoffrey_Lang10,vtLrf4dbETMGmoa
2302,Keith.Kris35,kplj0a4uDIM4E3C
2303,Ladarius49,MpnVFqZLVCGcBpK
2304,Leonardo_Monahan53,NAO8rmqhiDxPyxw
2305,Felicity15,LUQGXobAkPzJgZN
2306,Connie76,iblX9HkWwfl1a1a
2307,Lindsay.Howe,Y1OQpeAODEtoGoN
2308,Marlee.Hyatt,EsiuxqrwoDOH9K0
2309,Leon46,U0322g5mRe4oGQS
2310,Kara74,9eXQfP56SY60kPz
2311,Monty.Farrell,G_E2QcDFk7te9Xf
2312,Zechariah_Wilkinson2,ytc2C7cMoIjN8DQ
2313,Litzy.Thiel99,buNozCyCgKymwOE
2314,Shannon96,Q_sO3WWrO0IDkEv
2315,Beryl_Rempel78,9xYIIqNifSGovfd
2316,Aubree.Simonis,eEOnh2u0VqDhllG
2317,Ronaldo.Runte80,vezHUZM8hiEUHnM
2318,Kyra_Wisoky,HsDT6kVajoTYYwW
2319,Deshawn47,zEp2jNGIsbUgALN
2320,Crawford.Cremin,LGfSEWHhWGyPdpM
2321,Allie_Lockman,vb4c8Xu7BM_rYzy
2322,Elsa.Collins,asnN74lpeF77491
2323,Wiley.Lesch35,5cuotXlCHKmw2mL
2324,Ezekiel.Upton97,WzNYtEbFZeFHBYu
2325,Rocio82,xVITAoycerIP9rF
2326,Thea_Sporer78,SlfiJV_6lDUXCZj
2327,Reagan.Klocko17,h0YKElF1118fJZ6
2328,Craig_Hessel31,UKiKPNrPxuIqOB0
2329,Harvey60,nziHUmu77wXNX1z
2330,Floyd_Boyle36,tnC_bmvUQYkfB3e
2331,Rosalinda24,k9OQvc7Q6qIPHdb
2332,Prudence67,js_VMKR_8PYFiCL
2333,Lessie_Hudson,WoGk5zM_9hul_T8
2334,Hilda_Koch,gcQVpAkxGJuvvta
2335,Gene_Bartoletti,mFJ6ro_LGPb7JnW
2336,Will.Jerde,XnffvKVoJc1rsRD
2337,Kira_Langworth,qEruCKrZjRXDQqI
2338,Judge49,TiZpXh2s4kGdz8j
2339,Desmond.Kihn91,YpfN1y72EPZpq6l
2340,Russ.Herzog,ZCBLhM481UoHoW9
2341,Alba21,B8xn6Vt4x7YjnEe
2342,Elliot.McCullough,4v_qVv8Ei5sHaap
2343,London.Conn15,W4WCuyg5QhmAvML
2344,Mafalda.Dach,KcskLxeJbod6_w4
2345,Okey59,QoS766zBx9SfqFs
2346,Alena.Miller51,rjc7HA6TmPh8sTi
2347,Moshe.Daugherty59,3CcmA4jFUxAxNo1
2348,Vallie98,iKndKoz2sWjY26U
2349,Ian54,e8nH98AZRF5Xj47
2350,Briana52,L_hQ_Sn0pG40c86
2351,Selena_Mertz35,4eF9kd_0aHiGUfo
2352,Ofelia57,KX1JSROpS_6byAr
2353,Conner.Adams,3Ii25CFXS8_vxVj
2354,Cortney.Pfannerstill,OBOU1aUq_2KgsED
2355,Jamey.Ankunding87,zMX5hoqfzkePzQm
2356,Rod_Haley76,Wmf6afdFBmkl8E5
2357,Everardo62,Hkb6T9DbC8t_tOF
2358,Genoveva29,n2HCN4QD5sguNYZ
2359,Jacey.Stark,J97Soq_BoE5vsn4
2360,Claudia.Jacobi,292EidjoeRWItBz
2361,Eleanore.Johns59,2MUdS0NpqRFOS0W
2362,Javier8,kn3qke6n44c3Y15
2363,Isadore87,cwnykZK6Mszdt9a
2364,Ismael_Williamson14,U5LCe_K6nic9jUL
2365,Willard.Mills52,lNezqyc9JDD1H24
2366,Abdiel_Larkin,QpPfcSZvzsugnjy
2367,Clemens72,jPOvDquqkxS8F_s
2368,Gloria23,DQ5e9SvbaVel9TB
2369,Markus11,8uQ3dg_z6Vifb83
2370,Niko.Smitham13,6mZJaYpfLvzRMIz
2371,Fletcher33,yztcMK9KaJVcMdx
2372,Zula.Maggio85,R9a7QnHwAiIlopz
2373,Caitlyn20,RqbTyy1oUMGNi1V
2374,Cordell.Ledner24,m3dqpDodPv9UyVT
2375,Mikel_Bins4,3ZTYcJaaYOUohmY
2376,Gayle_Gleichner83,uACflrQJh68iN82
2377,Matt4,LtYi05U9ypm6OCz
2378,Alfreda_Parisian64,KFo8Z5pDOQq4XCv
2379,Sonya_Bergnaum,gxvfxIlcQ7kxuMC
2380,Virginie28,_Lv9IOdFWl7fifU
2381,Gwen_Little,pWitpt9C8dz2BQQ
2382,Brandi_Price,CDl8m1tUE3n8yun
2383,Maude49,XE3MlVOg5EB2Drd
2384,Karlie_Waelchi,7E0hLne_DSZdlkQ
2385,Makayla_Hegmann,FRlJWOCyEBNq1Fx
2386,Lambert_Blanda19,hBTIV3Mq0r0bpWU
2387,Orlando62,ODUIDDWkmH66FxI
2388,Shyann82,6w_CcFELuWRNlVx
2389,Ezekiel84,s7j3z3DTVz28n9U
2390,Dorothea4,ZXO58GLWQ87ZY7T
2391,Oscar_Wiza30,qsvjkJjtK6ccWpv
2392,Marta_Hermann,oFRh72nbyiHdyMt
2393,Brennon.Murphy,eO1fHZrfi_FP13v
2394,Frank70,CFumSwsbfec0_cT
2395,David61,ojQATNduNuUGfAF
2396,Maybelle.Balistreri81,pSbJpF5XVyj23P6
2397,Everett_Mohr19,KYHzccwUZvYIWBP
2398,Spencer_Kiehn14,0mi1kgmkta8h6Vl
2399,Luciano78,qdrPLi1YtTJ9_wj
2400,Trever_Tromp90,4tFii9hYUXfVUuP
2401,Braeden.Hintz,q5x1kUhBru715_l
2402,Esteban98,gF2XhGRUBwEpLSk
2403,Alysson.Pfannerstill,iA6zGS1Utz96Qct
2404,Hulda_Schinner,N3zhpNM_2qXxJZ8
2405,Christ65,5la9EFvuHtbZ1hB
2406,Carolyn_Schultz,taRW_gfuISXz112
2407,Heath42,xk99C37qJ_FqWvL
2408,Daisha.Bartell,wxPxcb0fC7DAC9X
2409,Micheal35,IQC51E0IUlYNZX8
2410,Emmanuel_Veum,plex6drrEJRH2qP
2411,Orlando28,YZTR_vcmhh9_bZY
2412,Celia_Stroman38,WPC0ferTXKnwtJi
2413,Kaelyn.Bartoletti,kKqKuqQTgjZ2Tod
2414,Carmella.Boehm68,ILKSwnTK5E10QUj
2415,Elsa_Champlin86,zlJXeeEI2AWhfx_
2416,Humberto.Bernhard,2MNZrqH_ifIImEi
2417,Joey.Stoltenberg,65iP3KdLaoVmXJx
2418,Martin.Schimmel17,p5ynla391SgOPFB
2419,Hiram_Watsica,Qubf7WIRpTDqg0A
2420,Dahlia3,fTrdkenHmm7sfSH
2421,Arnoldo_Glover97,hPUVQNV9212E_ql
2422,Muriel.OConner,8QQkCWK6kjv5ENw
2423,Kaelyn89,8bVQInUHloKENnd
2424,Logan24,0aRF6miHDQy_iCX
2425,Curtis40,BUngBMweSs3EsCh
2426,Mac.Goldner,vKdjonUliLyH0b3
2427,Louvenia58,kquWHPpEt2apA5o
2428,Lorenzo.Kuphal,nk6oT4uQlehEHAv
2429,Hershel.Marvin33,EsGGJhxDLaZAdb0
2430,Destini17,8CqWk2YUJ67a_wM
2431,Mollie2,iuR66vj2IbIJJiB
2432,Jedediah_Carter88,pmSRkx9L7wnnz7F
2433,Giovanni_Carter,kIsr5cRLc7KNI8e
2434,Roslyn23,5xFLMglXkCgI_Dc
2435,Odie98,ViB34tRSQYyAqT7
2436,Elinore.Swaniawski,Xf53NgoSqoZdMLR
2437,Genesis.Krajcik-Moen,Tj6B7JMMC8WMlK0
2438,Natasha_Witting,WMwBPD9jaJZXg3s
2439,Ashtyn.Renner94,JDvcZAhQKtYv4wT
2440,Trinity87,_P9hvPdIX4wY_JK
2441,Elta.Volkman,ZXBS_JQhP5YfL86
2442,Drew_Dietrich75,anC2sQroOY1ay9H
2443,Emerald46,y59CK3t9iLc0gvN
2444,Justen.Sawayn83,G8VBo_9hBk7c2Rz
2445,Buford_Bechtelar36,CPWldALOXs1WJY3
2446,Mervin.Swift,vTlWALn4kTY84Ck
2447,Ray51,BkzXAm6c39ZbmBE
2448,Aurore_Greenfelder95,Yxgk4dIwgCNk9XA
2449,Madeline62,4zgi7bhjYfTfRed
2450,Aiden_Stoltenberg-Swaniawski55,IGps9c1xBMbcLxW
2451,Collin_Funk17,i8nbFUCzmVPCeOB
2452,Ted84,m0vwUXfzVH_Vd1x
2453,Alayna_Heaney31,9CNoZw2mhOLr7Qz
2454,Deondre.Doyle,r5bJ5it4PYOFTn3
2455,Garnet_Fisher,4BYhe6op8xiM9ya
2456,Dudley86,o2xWCrbeEpT8E_Y
2457,Humberto35,udjNmmD6FPyUwW9
2458,Finn.Lockman,rS6fEOkcq8ZTFjI
2459,Abigayle.Leuschke96,j6_vkQvbcqumyJX
2460,Kris35,Gz4h80h2zxjGYgP
2461,Elwyn_Mayer,RFQw2gahK6yR9bo
2462,Heath.Dicki-Brekke68,s_JyB2OaopCzWTV
2463,Ericka_Turcotte97,8xe7HCcK3BvYDmX
2464,Tierra_Quigley,1047nwlkDH4omZF
2465,Tracy28,Sx5udhANRw7tq6F
2466,Weston.Rohan76,aRfmEJeAt2KI_0Z
2467,Easter23,wOEgVKoWTLzlfjK
2468,Luz.Towne27,l_dNXVyhYpS7h9H
2469,Jaylen.Jones83,fawY3WOkm2Gm35K
2470,Cristal.Orn24,lpBIwQAvxdS_6gh
2471,Velda_Russel63,cozIceY3M1QA_zK
2472,Foster_Roob,3BIWMvqIieGUiSX
2473,Lorena.Cummings-Botsford,KCn_FaZ_heyTTYk
2474,Brennan_Spinka74,moz1s3vIFriFSgp
2475,Cayla_Deckow18,JPzwyFrrXELXvjg
2476,Katlynn.McClure-Reichert38,r_Tc1LogdU2iPGg
2477,Percival_Purdy-Littel11,uVijZkEkKbooe6a
2478,Dean53,MS9T8VFQZkJZK4X
2479,Haven54,EHQJ63N_qefhnCk
2480,Leann1,0TDLEjr3050sso_
2481,Evie.Steuber,ABQJh2Vsd3etNmY
2482,Jeff74,6awBztWry02XYgW
2483,Claire_Klein,I54WOmSMlrwa0u3
2484,Enos77,d1GEUdrHBfGC3jO
2485,Trinity.Bailey64,J6_TCrdtIOQI9FI
2486,Ben66,jHbNHJXP8OqE290
2487,Joanny_Kemmer29,dBfLmPv2R5_1U4e
2488,Princess.Keebler,NwLXfRqujUvk3mE
2489,Samara14,1wiZASu2FVtPZFS
2490,Leland14,dM91Deu479ZtAG3
2491,Fleta80,hYHA98Lp6V8ostp
2492,Russ_Homenick,7Lz_omlP1GItyvA
2493,Dejon_Cremin,kpqvoZGYD4kwdeS
2494,Alexane.Cremin72,tS_Cxn3JELcX7Vb
2495,Amya.Klein81,W9jmYLL2WGa0Ut1
2496,Jermain_Reilly,CxgepEJKUmFE4kb
2497,Tianna.Torphy,khDkfE9BIX3kOee
2498,Sherwood.Armstrong53,NWicRU9LsiAx9IU
2499,Lennie_Bins53,s4wFs4DPq4yrI2Y
2500,Camren80,OorFMY9WSIB5tAB
2501,Johanna33,NJt7PWUSsj8uYor
2502,Daisy.Medhurst20,lhKmgzCiG3UgWPD
2503,Leone58,GLJIkDYtVbvu86k
2504,Bud_Jacobs60,lPrOsIuauiGJ6nz
2505,Demetris.Rippin,oqARRj1oAOoALeI
2506,Jordon.Dach,5oLmu9jYtLLu1_S
2507,Alfred75,qqRDeq43_l4aF2U
2508,Arianna_Will,xqlLLAdjmEb92Ee
2509,Breana.Kuhlman,_Q3mQeAwciHmiys
2510,Ida_Emmerich96,cqKIdl7NrvUxTnx
2511,Craig.Ritchie54,JIqnRRUdqUh2nc5
2512,Shawn.Walsh91,2nX8nuzP6g1kjnE
2513,Trisha_Bayer,z9LOwK48P8M823v
2514,Palma_Streich,evtNGKCL8I_cfzv
2515,Catalina_Jerde57,jHEKlMJt8eYhFVk
2516,Dorothea_Okuneva,nOFAlML6O86alkg
2517,Andreane_White45,EcGWHTQiqf7b4yt
2518,Javier.Corwin,cWKOYNe_AsvZGEa
2519,Maryse20,zRS6Srm921TvtvU
2520,Yazmin.Schroeder,RiGP_9vJilLs47q
2521,Carolina64,4MNw1ztPrZHsj_I
2522,Caterina.Russel87,b8jsHA8XZcExnLM
2523,Milford12,MQDWiAg1cdvvFC3
2524,Colby.Bogan,VnGRQ9wvYfQQef4
2525,Charley21,P2NN4UWqpZ5AMTP
2526,Rowena.Denesik59,vr_nhQDfv26XBmv
2527,Annette_Hansen,qH62zzslLQkEJAH
2528,Dustin_Buckridge,i1NSkUe7_o7lbEM
2529,Lukas.Ullrich57,EhZ6KHtkd7TkxKb
2530,Ignacio_Greenfelder14,GOPdlNoM801kkBR
2531,Esther39,MCGeaAp108CMLE4
2532,Arne2,AdbbyxktekJmB9C
2533,Leanne.Mante2,JduzrW95FilLDQt
2534,Johanna.Bauch58,NQj8gcoIO0l9qr7
2535,Oceane_Breitenberg14,DrlziNj0rXoQU8o
2536,Shayne_Larkin,_4RNetZz86GQbW8
2537,Olin71,MWU417_MmdiPTzl
2538,Herta_Hudson6,w3kHQmmWHPDdncd
2539,Shyanne.Hudson,8CxxFiOEl5JwrEL
2540,Roxanne.Fay97,W8TzhpVQwQEKvyC
2541,Dawn.Schmeler,kko0epFKLzrYW7O
2542,Liza79,uNKel78M3Nn7beG
2543,Merle50,RzNOPkC_wrKSf3J
2544,Lucinda19,V5ceAjLKWIUkEoz
2545,Edward_Wintheiser,Pv2AadW7ccUMU2Q
2546,Simone_Hyatt85,nDc9ljWiKFlSiy4
2547,Romaine65,e97N9HHmpKuk57Y
2548,Katelynn_Reichert,bfMPgmg_zfBy0L0
2549,Beryl_Ritchie-Gleason19,1ZlzVX5r6VZLnek
2550,Myriam_Morissette74,qoc4676iuMo0R5Z
2551,Marielle_Jacobs14,mutL1SfN820mLbL
2552,Davon.Sanford68,XrrPFKckEhKfmu4
2553,Laron16,2oTiV0hK3hBM8ME
2554,Brannon.Green86,GrCnlHOLVt76X9W
2555,Vernie58,1AtnuYusgmFYxzt
2556,Hadley31,CQQyYkeKX12rjjQ
2557,Tobin.Blick53,mVkz6EC0BHKtN07
2558,Thora51,vb4zXy5v4cPd4aA
2559,Rhett.Herman,HYJmbTqaXPMrr2M
2560,Alvis.Funk-Batz,F5s6eBbq26CjODY
2561,Tremaine_Koepp,IiYOCm4AMQvC6P6
2562,Shea.Jenkins4,XoDnBQw9N2ddSQP
2563,Malinda.Hoeger18,c_b8gwsbHCBU3cT
2564,Reggie.Walter,AFC2zhUKbyZrHkY
2565,Giovani95,q6vkT2WD3Bt5PpX
2566,Anastasia_Muller,BR3ySo4JanJFoaN
2567,Warren.Effertz8,5k3BFB43gHvlsCz
2568,Antoinette.Nicolas,cZkNVX8O0FdtJoN
2569,Darwin33,ofglRzFXMCJUw7U
2570,Mckayla.Beer4,I6hwlevwQAvRc8x
2571,Marilie1,mZt0Ajwdu2w2B2p
2572,Geovanni_Rogahn15,AN098h1YHDmM_ms
2573,Rebeca22,IHTmQ1ar9A6pt1C
2574,Deonte56,gngVeV1hThbkaMN
2575,Tyrese_Hodkiewicz,_r1OBjkBoUmHlUO
2576,Rosemarie_Mante29,gMjt1ljnp4TknEM
2577,Norval.Roob,_B4wwjZXnwp8qzz
2578,Edwardo_Rowe93,6RgSQXew5NjugGt
2579,Gladys.Mills61,UmUau9f5zl_9ewE
2580,Bethany.Konopelski95,qqlC104TfuMxWsW
2581,Zoie85,HAu8CCr9QjHoW9W
2582,Arlo.Stiedemann,XwQM0QVJbey2Fhl
2583,Isabelle51,xN5IweC0maSmmmV
2584,Dax.OHara,4UwyIwbRt0RR_HL
2585,Colin_Rodriguez11,ntSAnX_pPxzIKOg
2586,Olin.Kertzmann12,rP3KpXCy5jAlMVH
2587,Tara.Rogahn,0VUryNYGJwUbrHn
2588,Verner82,P7LGmQwD3AIHErQ
2589,Elda_Schmeler57,_zBmYGOkCknQHQw
2590,Dwight6,1LOCmqNHWxEqfSM
2591,Laila.Ullrich97,S8sSBowxkT_aOpv
2592,Kathlyn95,KUeh8kqI_rk_0is
2593,Helen.Marquardt65,cDk383jbMpb2e4s
2594,Claudine_Walker30,HyyGFr0khmY1aiJ
2595,Edd14,XMvUGVR7QDEBv1F
2596,Tyshawn49,CCzlaMTnesqt3KZ
2597,Brooklyn_Toy,4MSkdJOMSGFkIrB
2598,Carolyn.Kulas25,Q_os8E4fT5d_0jw
2599,Gabriella.Zieme15,qXJCO1shuVBmtOv
2600,Larue51,Ai9ushIkZD4nDjB
2601,Harry.Skiles-Batz51,lQb9S0GwtVtLucv
2602,Francisco.Orn70,1qKjrhOlyWuDz4d
2603,Jabari.Kertzmann,pGTbyKqNJ3U1Ywf
2604,Marisa29,i0n9shhp_lUoJS1
2605,Giovanni_Klocko50,w0c2Sa3u0oXjSPd
2606,Melyna28,efOJ4G8GZjh2ZmP
2607,Trystan.Langworth,vZpuGErSsR2dwKq
2608,Abby.Marks,wYS2ITvjb_P_Yf1
2609,Dillon14,rDTAXw_OFZSeIQ_
2610,Virginia_Lynch,jESuOAdfYko61gT
2611,Trenton_Nikolaus12,MkiCFaJhiAk1SxG
2612,Hailey67,55hGdmTWVaOEu4s
2613,Stanford22,6PlKga72b4nfZJO
2614,Albina.Koepp,ZrC7CJFsyvIOHkC
2615,Lucienne_OConner,m6COTKwnaHUPGzo
2616,Glenna.Hamill,J0wnwa39l3L5yMH
2617,Christine.Murray25,lkJitK23voWZvF5
2618,Joe_Jacobson,Nte_zw_AFhrK4wZ
2619,Mylene21,NJ0Lox4e4bRZ1R8
2620,Hazel_Kunze,7wFbyuwhxn3mil8
2621,Bernita.Anderson-Goodwin0,6JXFxMyVR5ESPVc
2622,Elfrieda.Thompson,QW2mgbCUWu9aGgm
2623,Lance_McLaughlin33,q3nlAhsmfah2fKH
2624,Una_Gerlach,EpyR_sAWAQSegzi
2625,Demetris_Goldner35,DgQIsIsksda_lh7
2626,Shanna88,laaaWf2MPqFMj6Q
2627,Orville70,85G9MoQKPj4O9wC
2628,Cristian72,PuzjdxPjQUBu0cd
2629,Benny85,1EQzKk8yLuXwy0s
2630,Zelda78,1xsI0hMcO3QVk6o
2631,Katrina.Gulgowski50,FvofYuCJ6qTyMVp
2632,Frankie_Christiansen73,vjgEAy2Po9GKTDW
2633,Bernadette.Lindgren,egkXMgUS6b_Dc5Y
2634,Fannie_Lehner,bVZQ2FiwvSYZnn6
2635,Leo.Von,yW_6dJmqDs6Sk8Q
2636,Octavia_Becker,kIwPziWt421dbfI
2637,Leopold_Dach,m0mG29G6qC82HOt
2638,Cyril_Yundt6,Zc4fSrFy2cCb0ek
2639,Joaquin86,pBfgHIvxQIoTiv3
2640,Maude77,LQ0dyTBpySZflxl
2641,Arturo18,iBuQfBWXssCurRU
2642,Elmo.Marvin88,agxU5NtQB_iEiQz
2643,Keira.Cruickshank56,ZCTZA0qplahUOiD
2644,Leonora_Muller66,dgX7ODyDII6UK05
2645,Wade.Herman,N5XnD6kRk_TPzz6
2646,Vincenza29,7Z9QjRbbdDtIfe_
2647,Hollis40,KnarXLGmtslY7DU
2648,Alicia.Schaden49,0H93thz2B63km85
2649,Dangelo83,9E6UErJmePcMhWm
2650,Marley62,vArKwv71eUYjIhm
2651,Austyn.Christiansen87,DEToV7OYseyOXVr
2652,Antonetta_Leannon97,vvGcIRccugiQw2B
2653,Kaley.West,JLzd3eJVGi5NX9T
2654,Kendrick.Bernier27,UZsDwdqHMMIHlsJ
2655,Dorcas.Gleichner93,oy5sN_CKer8xqR5
2656,Vivienne23,M3KatlG4hs7qxtC
2657,Sabrina39,m9_3E_nDzaApcSj
2658,Ayla_Ortiz36,VOgxasW5vZzI86F
2659,Cloyd_Schneider,IfrlOgvSx6Z8uYa
2660,Hayley.Rodriguez50,heryFuSf0bq_lEm
2661,Harold_Wiegand67,J7p8vHc68_NFWKY
2662,Ervin7,fX_BzbIOAPsRQlH
2663,Kathlyn73,cmNHzUmCKZPkMve
2664,Helene97,pfEBzADxLZ5nPId
2665,Randi30,nurWrB5PdV5KfoY
2666,Stephany_Cole,xzZWKKkgaQFOBuJ
2667,Eunice.Weimann,JXq0vsmDbPGcjJn
2668,Giovanny_Lakin,mo3fcDIV01y67Dk
2669,Javonte_Daniel,qkChMFRDH9ww5jj
2670,Emilie_Dooley,H1uNFglqgUJPVnE
2671,Brielle90,JeXK35PmTFoq0Mt
2672,Maybelle.Kshlerin60,qlY2gUKfTQLzqPJ
2673,Norbert.Terry,7ma7TAa50bPiRUM
2674,Carmel.Metz,kHT8GRCpPz6K6Ks
2675,Mattie.MacGyver,8h0yfZrlpXMPrfG
2676,Neoma40,DXf4MwYD98xbm37
2677,Aubrey45,aSPiYMzwnHsoIXJ
2678,Sheila.Hodkiewicz,0VyVvTmaNLNnoEi
2679,Annette.Haag,YuB4agBB8KeAKnW
2680,Bertha42,K9QGx6P7UY9LOCh
2681,Adrienne53,7MAD76qcK3UxAnp
2682,Dixie_Kozey,lFrFkS8lzRH6yy6
2683,Erich_Rath,36d7S1RAR2PDqn8
2684,Dalton_Lakin,snSkXbGc7B8sO6J
2685,Jovani96,xuyoFIpC2isE086
2686,Waylon22,tolgV8TO6bpM_39
2687,Rozella_Prosacco,tMmZqyUAaa0cLP9
2688,Carlos12,FHFIPZQupVwk8By
2689,Stevie_Okuneva77,jhM7qHpmikHiAHS
2690,Maurine48,gsOThrprAkXZaRV
2691,Queen.Murphy,LOXy3jx41cXrITO
2692,Lilian_Beier17,5reWGDBsk28sg5n
2693,Lesly10,9Pfq6TarEdtcrVf
2694,Ocie_Hamill,RfHRU8vsYXzQInW
2695,Jessica_Schuster99,8vMO9Gtdzji6QWa
2696,Ulices_Bashirian92,tHUEQMgha4ydPpi
2697,Israel48,3CjEmEVCKhM5qt3
2698,Pamela.Lakin26,S80Kt_TrjppUuKB
2699,Wilburn.Bode81,WlMIRBnTPiyZHtY
2700,Jeff.Paucek78,rpXDmARSkfwTHHQ
2701,Camilla.Hilll43,RNQVYDHFqInMsSo
2702,Winona68,m5rNa8BO5UgNo4T
2703,Dallas_Weissnat10,Jrcex0tDY2Hxkcq
2704,Ayana28,CtS6fvs2IkQ54ZW
2705,Violette_Baumbach34,XYpzbCVNAD5jJPh
2706,Adolf.Fisher,Y8bYYwQGPlu2RFl
2707,Jarred12,9vQZOtAhN656FcN
2708,Alejandra_Fahey28,6yBy1EP1lpn4ewD
2709,Wilford.Bailey,pSYpNI5sSYvrTo9
2710,Lawrence78,7a8YJ1fmY1ppZvy
2711,Maxie_McDermott35,SryEhWbFxX0LCS9
2712,Hildegard_Dach55,_E291j60_G2Y3Rh
2713,Valentina71,TVjShMDQdkIW0CV
2714,Hubert.Rodriguez,3uqN1UfOUGYNvRs
2715,Maude80,5wd8o8uY2Xg5Jh9
2716,Lilyan_Collins-Koepp16,Jd38VLaKfioTVy0
2717,Russel.Runolfsson85,2Yo_YR43ch2ksvt
2718,Francisco.Bauch,lSz9Nt5akvqfWuo
2719,Oral92,8T5ifXf1Z3rLw7s
2720,Abel1,IBdiL_g9r_HrpNJ
2721,Maida74,F8vrxFeL_li1OuC
2722,Duane.Littel-Kling26,yDmgh6BHXliZoMD
